tanggal,waktu,id,produk
06/01/2023,09:11:00 AM,1,Gula Pasir 250gr
06/01/2023,09:11:00 AM,1,Gula Pasir 250gr
06/01/2023,09:33:00 AM,2,Wincheez
06/01/2023,09:33:00 AM,2,Selai Coklat Biasa 250gr
06/01/2023,09:33:00 AM,2,Diamond Coklat Blok
06/01/2023,12:03:00 PM,3,Sterofoam Bubur
06/01/2023,12:03:00 PM,3,Kresek Tomat 24
06/01/2023,12:03:00 PM,3,Forvita 500gr
06/01/2023,02:14:00 PM,4,Wayang 10x15x05
06/01/2023,07:14:00 PM,5,Sedotan Pop Ice
06/01/2023,07:14:00 PM,5,Cup 12 Oz
06/01/2023,07:14:00 PM,5,Tutup Datar Buram
06/01/2023,07:15:00 PM,6,Sterofoam Mangkok Besar
06/01/2023,07:15:00 PM,6,Sterofoam Seblak
06/01/2023,07:15:00 PM,6,Sendok Bebek
06/02/2023 07:20:00,07:20:00 AM,7,Plastik Tahan Panas 12x25
06/02/2023 07:20:00,07:20:00 AM,7,Plastik Tahan Panas 15x30
06/02/2023 07:20:00,07:20:00 AM,7,Kresek Tomat 15
06/02/2023 08:31:00,08:31:00 AM,8,Sterofoam Bubur
06/02/2023 09:30:00,09:30:00 AM,9,Plastik Klip 12x20
06/02/2023 09:30:00,09:30:00 AM,9,Plastik Klip 5x8
06/02/2023 10:20:00,10:20:00 AM,10,Sterofoam Seblak
06/02/2023 10:20:00,10:20:00 AM,10,Sendok Bebek
06/02/2023 10:35:00,10:35:00 AM,11,Tusuk Sate Panjang
06/02/2023 10:36:00,10:36:00 AM,12,Wayang 8x15x05
06/02/2023 11:01:00,11:01:00 AM,13,Gula Merah 250gr
06/02/2023 11:27:00,11:27:00 AM,14,Buldozer 15 Hitam
06/02/2023 11:27:00,11:27:00 AM,14,Kresek Motto Uk 40 Hitam
06/02/2023 13:28:00,01:28:00 PM,15,Segitiga Biru Kiloan 1kg
06/02/2023 13:28:00,01:28:00 PM,15,Segitiga Biru Kiloan 1kg
06/02/2023 13:28:00,01:28:00 PM,15,Kresek Tomat 15
06/02/2023 14:26:00,02:26:00 PM,16,Glaze Tiramisu
06/02/2023 14:48:00,02:48:00 PM,17,Tepung Ketan Rosebrand
06/02/2023 14:48:00,02:48:00 PM,17,Tepung Ketan Rosebrand
06/02/2023 14:48:00,02:48:00 PM,17,Tepung Ketan Rosebrand
06/02/2023 14:48:00,02:48:00 PM,17,Tepung Ketan Rosebrand
06/02/2023 14:48:00,02:48:00 PM,17,Tepung Ketan Hitam
06/02/2023 14:48:00,02:48:00 PM,17,Kresek Tomat 15
06/02/2023 14:48:00,02:48:00 PM,17,Sun Kara
06/02/2023 14:48:00,02:48:00 PM,17,Sun Kara
06/02/2023 15:46:00,03:46:00 PM,18,Kresek Logo Uk 28
06/02/2023 18:59:00,06:59:00 PM,19,Wayang 11x25x05
06/02/2023 19:03:00,07:03:00 PM,20,Cup 14 Oz
06/03/2023 07:45:00,07:45:00 AM,21,Cakra Kembar
06/03/2023 07:45:00,07:45:00 AM,21,Soda Kue
06/03/2023 07:46:00,07:46:00 AM,22,Plastik Tomat 10x30
06/03/2023 08:42:00,08:42:00 AM,23,Cup 16 Oz
06/03/2023 08:42:00,08:42:00 AM,23,Tepung Roti 250gr
06/03/2023 08:42:00,08:42:00 AM,23,Dairy Champ
06/03/2023 08:42:00,08:42:00 AM,23,Selai Coklat Biasa 250gr
06/03/2023 08:42:00,08:42:00 AM,23,Sendok Bebek
06/03/2023 08:42:00,08:42:00 AM,23,Roman
06/03/2023 08:42:00,08:42:00 AM,23,Roman
06/03/2023 09:07:00,09:07:00 AM,24,Thinwall 300ml
06/03/2023 09:07:00,09:07:00 AM,24,Swallow Plain
06/03/2023 10:20:00,10:20:00 AM,25,Cup Bryan
06/03/2023 10:20:00,10:20:00 AM,25,Sterofoam Seblak
06/03/2023 10:20:00,10:20:00 AM,25,Diamond Coklat Blok
06/03/2023 10:20:00,10:20:00 AM,25,Wayang 14x25x05
06/03/2023 10:59:00,10:59:00 AM,26,Wincheez
06/03/2023 10:59:00,10:59:00 AM,26,Pewarna Kuning Muda
06/03/2023 11:00:00,11:00:00 AM,27,Cup 14 Oz
06/03/2023 13:02:00,01:02:00 PM,28,Mika Bolu Kotak Uk 22
06/03/2023 13:02:00,01:02:00 PM,28,Mika Bolu Kotak Uk 22
06/03/2023 13:02:00,01:02:00 PM,28,Mika Bolu Kotak Uk 22
06/03/2023 13:02:00,01:02:00 PM,28,Mika Bolu Kotak Uk 22
06/03/2023 13:26:00,01:26:00 PM,29,Selai Coklat Biasa 250gr
06/03/2023 18:20:00,06:20:00 PM,30,Plastik Tomat 10x30
06/03/2023 18:20:00,06:20:00 PM,30,Wayang 11x25x05
06/03/2023 18:34:00,06:34:00 PM,31,Wayang 11x25x05
06/03/2023 18:34:00,06:34:00 PM,31,Bader 10x20
06/03/2023 18:34:00,06:34:00 PM,31,Bader 10x20
06/03/2023 18:34:00,06:34:00 PM,31,Bader 10x20
06/04/2023 06:38:00,06:38:00 AM,32,Kresek Tomat 24
06/04/2023 06:42:00,06:42:00 AM,33,Wayang 12x25x05
06/04/2023 06:42:00,06:42:00 AM,33,Wayang 12x25x05
06/04/2023 09:59:00,09:59:00 AM,33,Wayang 14x25x05
06/04/2023 09:59:00,09:59:00 AM,34,Wayang 10x15x05
06/04/2023 09:59:00,09:59:00 AM,34,Wayang 10x15x05
06/04/2023 09:59:00,09:59:00 AM,34,Wayang 12x15x05
06/04/2023 09:59:00,09:59:00 AM,34,Tusuk Sate Pendek
06/04/2023 09:59:00,09:59:00 AM,34,Fermipan Sachet
06/04/2023 11:24:00,11:24:00 AM,35,Garpu Kue
06/04/2023 11:24:00,11:24:00 AM,35,Isi Hekter
06/04/2023 11:24:00,11:24:00 AM,35,Sterofoam Mangkok Besar
06/04/2023 11:24:00,11:24:00 AM,35,Sterofoam Seblak
06/04/2023 12:03:00,12:03:00 PM,36,Swallow Plain
06/04/2023 14:48:00,02:48:00 PM,37,Mika 3x
06/04/2023 14:53:00,02:53:00 PM,38,Cup 750ml
06/04/2023 15:28:00,03:28:00 PM,39,Plastik Tahan Panas 15x30
06/05/2023 07:13:00,07:13:00 AM,40,Wayang 11x25x05
06/05/2023 07:50:00,07:50:00 AM,41,Kresek Tomat 24
06/05/2023 07:50:00,07:50:00 AM,41,Wincheez
06/05/2023 07:55:00,07:55:00 AM,42,Plastik Klip 5x8
06/05/2023 12:15:00,12:15:00 PM,43,Wayang 10x15x05
06/05/2023 12:15:00,12:15:00 PM,43,Wayang 17x30x05
06/05/2023 12:20:00,12:20:00 PM,44,Wayang 14x25x05
06/05/2023 12:20:00,12:20:00 PM,44,Wayang 20x35x05
06/05/2023 15:22:00,03:22:00 PM,45,Thinwall 350ml
06/05/2023 15:22:00,03:22:00 PM,45,Sendok Makan Bening
06/05/2023 19:40:00,07:40:00 PM,46,Paper Cup Bolu Kukus
06/05/2023 19:40:00,07:40:00 PM,46,Chocochips 100gr
06/05/2023 19:40:00,07:40:00 PM,46,Selai Coklat Biasa 250gr
06/05/2023 19:40:00,07:40:00 PM,46,Seres Safari Warna
06/05/2023 19:40:00,07:40:00 PM,46,Glaze Tiramisu
06/05/2023 19:40:00,07:40:00 PM,46,Glaze Greentea
06/06/2023 06:32:00,06:32:00 AM,47,Cup 650ml
06/06/2023 06:32:00,06:32:00 AM,47,Maizena 250gr
06/06/2023 06:32:00,06:32:00 AM,47,Wincheez
06/06/2023 06:32:00,06:32:00 AM,47,Wincheez
06/06/2023 06:32:00,06:32:00 AM,47,Sendok Makan Bening
06/06/2023 13:32:00,01:32:00 PM,48,Buldozer 15 Hitam
06/06/2023 13:32:00,01:32:00 PM,48,Plastik Tahan Panas 15x30
06/06/2023 13:49:00,01:49:00 PM,49,Mika 4xc
06/06/2023 13:51:00,01:51:00 PM,50,Sedotan Kecil
06/06/2023 13:51:00,01:51:00 PM,50,Bader 12x25
06/06/2023 13:51:00,01:51:00 PM,50,Bader 12x25
06/06/2023 13:53:00,01:53:00 PM,51,Soda Kue
06/06/2023 13:53:00,01:53:00 PM,51,Mayonais Maestro 180gr
06/06/2023 14:29:00,02:29:00 PM,52,Tepung Roti 250gr
06/06/2023 14:29:00,02:29:00 PM,52,Tepung Roti 250gr
06/06/2023 14:30:00,02:30:00 PM,53,Whippy Haan
06/06/2023 14:32:00,02:32:00 PM,54,Kresek Tomat 15
06/06/2023 19:58:00,07:58:00 PM,55,Mika Brownis Uk L
06/07/2023 10:42:00,10:42:00 AM,56,Wayang 14x25x05
06/07/2023 12:29:00,12:29:00 PM,57,Tepung Ketan Rosebrand
06/07/2023 12:29:00,12:29:00 PM,57,Tepung Ketan Rosebrand
06/07/2023 12:29:00,12:29:00 PM,57,Tepung Ketan Rosebrand
06/07/2023 12:29:00,12:29:00 PM,57,Tepung Ketan Rosebrand
06/07/2023 12:29:00,12:29:00 PM,57,Tepung Ketan Hitam
06/07/2023 12:29:00,12:29:00 PM,57,Tepung Ketan Hitam
06/07/2023 14:08:00,02:08:00 PM,58,Buldozer 24 Putih
06/07/2023 14:08:00,02:08:00 PM,58,Kresek Motto Uk 40 Hitam
06/07/2023 14:29:00,02:29:00 PM,59,Segitiga Biru Kemasan 1kg
06/07/2023 14:29:00,02:29:00 PM,59,Seres Safari Warna
06/07/2023 17:12:00,05:12:00 PM,60,Evaporasi F&N
06/07/2023 17:12:00,05:12:00 PM,60,Evaporasi F&N
06/07/2023 17:12:00,05:12:00 PM,60,Evaporasi F&N
06/07/2023 17:12:00,05:12:00 PM,60,Evaporasi F&N
06/07/2023 17:12:00,05:12:00 PM,60,Evaporasi F&N
06/07/2023 17:12:00,05:12:00 PM,60,Puding Susu Mangga
06/07/2023 17:12:00,05:12:00 PM,60,Puding Susu Mangga
06/07/2023 17:43:00,05:43:00 PM,61,Wayang 14x25x05
06/07/2023 17:43:00,05:43:00 PM,61,Cup 10 Pendek
06/07/2023 17:43:00,05:43:00 PM,61,Roman
06/07/2023 17:43:00,05:43:00 PM,61,Roman
06/08/2023 06:46:00,06:46:00 AM,62,Wayang 14x25x05
06/08/2023 06:46:00,06:46:00 AM,62,Wayang 14x25x05
06/08/2023 06:46:00,06:46:00 AM,62,Dus Donat
06/08/2023 06:46:00,06:46:00 AM,62,Dus Donat
06/08/2023 06:46:00,06:46:00 AM,62,Dus Donat
06/08/2023 06:46:00,06:46:00 AM,62,Dus Donat
06/08/2023 06:46:00,06:46:00 AM,62,Dus Donat
06/08/2023 06:46:00,06:46:00 AM,62,Seres Kiloan/250gr
06/08/2023 06:46:00,06:46:00 AM,62,Seres Kiloan/250gr
06/08/2023 06:46:00,06:46:00 AM,62,Bader 15x30
06/08/2023 08:53:00,08:53:00 AM,63,Forvita 500gr
06/08/2023 08:53:00,08:53:00 AM,63,Tusuk Gigi
06/08/2023 08:55:00,08:55:00 AM,64,Diary Champ
06/08/2023 08:55:00,08:55:00 AM,64,Wincheez
06/08/2023 08:55:00,08:55:00 AM,64,Kresek Tomat 24
06/08/2023 09:39:00,09:39:00 AM,65,Fermipan Sachet
06/08/2023 09:43:00,09:43:00 AM,66,Terigu Biasa
06/08/2023 09:43:00,09:43:00 AM,66,Tusuk Sate Pendek
06/08/2023 09:50:00,09:50:00 AM,67,Tepung Ketan Rosebrand
06/08/2023 09:50:00,09:50:00 AM,67,Maizenaku
06/08/2023 09:50:00,09:50:00 AM,67,Diamond Coklat Blok
06/08/2023 09:50:00,09:50:00 AM,67,Roman
06/08/2023 09:50:00,09:50:00 AM,67,Segitiga Biru Kiloan 1kg
06/08/2023 11:15:00,11:15:00 AM,68,Vanili Cair Kupu-kupu
06/08/2023 11:19:00,11:19:00 AM,69,Mika 4x
06/08/2023 11:19:00,11:19:00 AM,69,Bader 15x30
06/08/2023 11:19:00,11:19:00 AM,69,Bader 15x30
06/08/2023 11:19:00,11:19:00 AM,69,Bader 12x25
06/08/2023 11:19:00,11:19:00 AM,69,Bader 12x25
06/08/2023 11:19:00,11:19:00 AM,69,Bader 10x20
06/08/2023 11:19:00,11:19:00 AM,69,Bader 10x20
06/08/2023 11:19:00,11:19:00 AM,69,Bader 10x20
06/08/2023 11:19:00,11:19:00 AM,69,Bader 10x20
06/08/2023 11:19:00,11:19:00 AM,69,Bader 10x20
06/08/2023 11:19:00,11:19:00 AM,69,Plastik Klip 5x8
06/08/2023 11:19:00,11:19:00 AM,69,Buldozer 24 Putih
06/08/2023 11:19:00,11:19:00 AM,69,Buldozer 24 Putih
06/08/2023 11:19:00,11:19:00 AM,69,Buldozer 15 Putih
06/08/2023 11:19:00,11:19:00 AM,69,Mika 7c
06/08/2023 12:44:00,12:44:00 PM,70,Tepung Ketan Hitam
06/08/2023 12:44:00,12:44:00 PM,70,Tepung Ketan Rosebrand
06/08/2023 12:44:00,12:44:00 PM,70,Tepung Ketan Rosebrand
06/08/2023 12:44:00,12:44:00 PM,70,Dancow Sachet
06/08/2023 12:44:00,12:44:00 PM,70,Dancow Sachet
06/08/2023 12:54:00,12:54:00 PM,71,Segitiga Biru Kiloan 1kg
06/08/2023 12:54:00,12:54:00 PM,71,Selai Coklat Biasa 250gr
06/08/2023 13:39:00,01:39:00 PM,72,Thinwall 500ml
06/08/2023 13:39:00,01:39:00 PM,72,Sendok Bebek
06/08/2023 14:04:00,02:04:00 PM,73,Sedotan Kecil
06/08/2023 14:04:00,02:04:00 PM,73,Sedotan Kecil
06/08/2023 14:04:00,02:04:00 PM,73,Plastik Tomat 12x25
06/08/2023 14:21:00,02:21:00 PM,74,Plastik Tahan Panas 15x30
06/08/2023 14:49:00,02:49:00 PM,75,Fermipan Sachet
06/08/2023 14:49:00,02:49:00 PM,75,Segitiga Biru Kemasan 1kg
06/08/2023 14:49:00,02:49:00 PM,75,Claris Oren
06/08/2023 14:49:00,02:49:00 PM,75,Selai Stroberi 250gr
06/08/2023 17:30:00,05:30:00 PM,76,Bader 15x30
06/08/2023 17:30:00,05:30:00 PM,76,Bader 15x30
06/08/2023 18:37:00,06:37:00 PM,77,Kertas Nasi Gulung
06/09/2023 07:21:00,07:21:00 AM,78,Chocochips 100gr
06/09/2023 09:24:00,09:24:00 AM,79,Sterofoam Bubur
06/09/2023 09:26:00,09:26:00 AM,80,Sumpit Kayu
06/09/2023 09:26:00,09:26:00 AM,80,Sumpit Kayu
06/09/2023 09:26:00,09:26:00 AM,80,Kertas Nasi Putih
06/09/2023 09:26:00,09:26:00 AM,80,Mayonais Maestro 1kg
06/09/2023 09:26:00,09:26:00 AM,80,Thinwall 500ml
06/09/2023 10:05:00,10:05:00 AM,81,Sterofoam Mangkok Besar
06/09/2023 10:05:00,10:05:00 AM,81,Sterofoam Seblak
06/09/2023 10:05:00,10:05:00 AM,81,Sedotan Kecil
06/09/2023 10:05:00,10:05:00 AM,81,Selai Coklat Biasa 250gr
06/09/2023 10:05:00,10:05:00 AM,81,Tepung Roti 250gr
06/09/2023 10:05:00,10:05:00 AM,81,Sendok Bebek
06/09/2023 10:09:00,10:09:00 AM,82,Tepung Ketan Hitam
06/09/2023 10:10:00,10:10:00 AM,83,Bader 12x25
06/09/2023 10:10:00,10:10:00 AM,83,Bader 12x25
06/09/2023 10:16:00,10:16:00 AM,84,Cup Bryan
06/09/2023 10:16:00,10:16:00 AM,84,Cup 14 Oz
06/09/2023 10:17:00,10:17:00 AM,85,Cakra Kembar
06/09/2023 10:17:00,10:17:00 AM,85,Glaze Tiramisu
06/09/2023 10:17:00,10:17:00 AM,85,Claris Merah
06/09/2023 10:17:00,10:17:00 AM,85,Diamond Coklat Blok
06/09/2023 10:21:00,10:21:00 AM,86,Dus Donat
06/09/2023 10:21:00,10:21:00 AM,86,Dus Donat
06/09/2023 11:08:00,11:08:00 AM,87,Sterofoam Seblak
06/09/2023 11:08:00,11:08:00 AM,87,Sendok Bebek
06/09/2023 13:44:00,01:44:00 PM,88,Mika 7c
06/09/2023 13:44:00,01:44:00 PM,88,Pewarna Hijau Muda
06/09/2023 13:44:00,01:44:00 PM,88,Vanili Pepaya
06/09/2023 14:01:00,02:01:00 PM,89,Cup 12 Oz
06/09/2023 15:39:00,03:39:00 PM,90,Wayang 14x25x05
06/10/2023 07:50:00,07:50:00 AM,91,Wincheez
06/10/2023 07:50:00,07:50:00 AM,91,Dus Donat
06/10/2023 07:50:00,07:50:00 AM,91,Dus Donat
06/10/2023 08:16:00,08:16:00 AM,92,Palmia 200gr
06/10/2023 08:16:00,08:16:00 AM,92,Sp
06/10/2023 08:16:00,08:16:00 AM,92,Terigu Biasa
06/10/2023 08:17:00,08:17:00 AM,93,Tepung Roti 250gr
06/10/2023 08:17:00,08:17:00 AM,93,fermipan 50gr
06/10/2023 13:15:00,01:15:00 PM,94,Bader 15x30
06/10/2023 13:15:00,01:15:00 PM,94,Bader 15x30
06/10/2023 13:18:00,01:18:00 PM,95,Plastik Tahan Panas 15x30
06/10/2023 13:47:00,01:47:00 PM,96,Terigu Biasa
06/10/2023 15:19:00,03:19:00 PM,97,Wayang 14x25x05
06/10/2023 15:28:00,03:28:00 PM,98,Bader 12x25
06/10/2023 15:28:00,03:28:00 PM,98,Bader 12x25
06/10/2023 15:28:00,03:28:00 PM,98,Bader 10x20
06/10/2023 15:28:00,03:28:00 PM,98,Bader 10x20
06/10/2023 17:31:00,05:31:00 PM,99,Terigu Biasa
06/10/2023 17:31:00,05:31:00 PM,99,Selai Coklat Biasa 250gr
06/10/2023 17:31:00,05:31:00 PM,99,Tepung Roti 250gr
06/10/2023 17:43:00,05:43:00 PM,100,Cup Bryan
06/11/2023 07:41:00,07:41:00 AM,101,Terigu Biasa
06/11/2023 07:41:00,07:41:00 AM,101,Tusuk Sate Panjang
06/11/2023 07:42:00,07:42:00 AM,102,Tusuk Sate Panjang
06/11/2023 07:42:00,07:42:00 AM,102,Digimon 1 Gelas
06/11/2023 08:53:00,08:53:00 AM,103,Cup 12 Oz
06/11/2023 08:53:00,08:53:00 AM,103,Sterofoam Mangkok Besar
06/11/2023 08:58:00,08:58:00 AM,104,Kertas Nasi Gulung
06/11/2023 08:58:00,08:58:00 AM,104,Kertas Nasi Gulung
06/11/2023 09:17:00,09:17:00 AM,105,Kertas Nasi Gulung
06/11/2023 09:17:00,09:17:00 AM,105,Kertas Nasi Gulung
06/11/2023 09:17:00,09:17:00 AM,105,Kertas Nasi Gulung
06/11/2023 10:15:00,10:15:00 AM,106,Good Day Cappucino
06/11/2023 11:04:00,11:04:00 AM,107,Gula Pasir 250gr
06/11/2023 15:12:00,03:12:00 PM,108,Plastik Tahan Panas 15x30
06/11/2023 16:00:00,04:00:00 PM,109,Plastik Tomat 20x35
06/11/2023 16:01:00,04:01:00 PM,110,Cup 14 Oz
06/11/2023 16:01:00,04:01:00 PM,110,Cup 16 Oz
06/11/2023 16:01:00,04:01:00 PM,110,Karet Merah
06/11/2023 16:01:00,04:01:00 PM,110,Karet Merah
06/11/2023 18:36:00,06:36:00 PM,111,Wayang 7x15x05
06/12/2023 06:54:00,06:54:00 AM,112,Diamond Coklat Blok
06/12/2023 06:54:00,06:54:00 AM,112,Tepung Roti 250gr
06/12/2023 07:32:00,07:32:00 AM,113,Sterofoam Mangkok Besar
06/12/2023 07:32:00,07:32:00 AM,113,Bader 12x25
06/12/2023 07:32:00,07:32:00 AM,113,Glaze Tiramisu
06/12/2023 08:09:00,08:09:00 AM,114,Kresek Tomat 24
06/12/2023 08:09:00,08:09:00 AM,114,Plastik Klip 5x8
06/12/2023 08:54:00,08:54:00 AM,115,Sedotan Boba
06/12/2023 08:55:00,08:55:00 AM,116,Wijen 250gr
06/12/2023 08:55:00,08:55:00 AM,116,Tepung Ketan Rosebrand
06/12/2023 08:55:00,08:55:00 AM,116,Sarung Tangan Plastik
06/12/2023 08:55:00,08:55:00 AM,116,Mika 4xc
06/12/2023 09:00:00,09:00:00 AM,117,Wrap Cling 30cm
06/12/2023 13:20:00,01:20:00 PM,118,Sterofoam Seblak
06/12/2023 14:11:00,02:11:00 PM,119,Mayonais Mamayo 1kg
06/12/2023 14:11:00,02:11:00 PM,119,Thinwall 500ml
06/12/2023 14:11:00,02:11:00 PM,119,Thinwall 500ml
06/12/2023 14:13:00,02:13:00 PM,120,Plastik Tomat 15x35
06/12/2023 15:23:00,03:23:00 PM,121,Wayang 11x25x05
06/12/2023 15:23:00,03:23:00 PM,121,Wayang 14x25x05
06/12/2023 15:51:00,03:51:00 PM,122,Mika Brownis Uk L
06/13/2023 06:15:00,06:15:00 AM,123,Thinwall 450ml
06/13/2023 06:15:00,06:15:00 AM,123,Dairy Champ
06/13/2023 06:15:00,06:15:00 AM,123,Tepung Roti 250gr
06/13/2023 06:15:00,06:15:00 AM,123,Tepung Roti 250gr
06/13/2023 06:15:00,06:15:00 AM,123,Tepung Roti 250gr
06/13/2023 06:15:00,06:15:00 AM,123,Tepung Roti 250gr
06/13/2023 11:53:00,11:53:00 AM,124,Claris Merah
06/13/2023 11:53:00,11:53:00 AM,124,Sterofoam Seblak
06/13/2023 11:53:00,11:53:00 AM,124,Sterofoam Mangkok Besar
06/13/2023 13:05:00,01:05:00 PM,125,Tepung Ketan Rosebrand
06/13/2023 13:05:00,01:05:00 PM,125,Segitiga Biru Kiloan 1kg
06/13/2023 13:06:00,01:06:00 PM,126,Cup 10 Pendek
06/13/2023 15:00:00,03:00:00 PM,127,Kresek Tomat 24
06/13/2023 15:00:00,03:00:00 PM,127,Kresek Tomat 15
06/13/2023 15:00:00,03:00:00 PM,127,Karet Merah
06/13/2023 18:01:00,06:01:00 PM,128,Wayang 12x25x05
06/14/2023 06:39:00,06:39:00 AM,129,Plastik Tomat 14x35
06/14/2023 06:39:00,06:39:00 AM,129,Thinwall 500ml
06/14/2023 06:59:00,06:59:00 AM,130,Plastik OOP Uk 8x12
06/14/2023 13:49:00,01:49:00 PM,131,Tepung Beras Rosebrand
06/14/2023 13:49:00,01:49:00 PM,131,Tepung Beras Rosebrand
06/14/2023 13:49:00,01:49:00 PM,131,Nutrijel Plain
06/14/2023 13:49:00,01:49:00 PM,131,Cup 14 Oz
06/14/2023 13:49:00,01:49:00 PM,131,Wayang 17x30x05
06/14/2023 13:49:00,01:49:00 PM,131,Wayang 14x25x05
06/14/2023 14:27:00,02:27:00 PM,132,Claris Merah
06/14/2023 15:57:00,03:57:00 PM,133,Palmia 200gr
06/14/2023 15:57:00,03:57:00 PM,133,Terigu Biasa
06/14/2023 15:57:00,03:57:00 PM,133,Kertas Nasi Gulung
06/14/2023 17:29:00,05:29:00 PM,134,Sterofoam Mangkok Besar
06/14/2023 17:29:00,05:29:00 PM,134,Sterofoam Seblak
06/14/2023 17:29:00,05:29:00 PM,134,Sedotan Kecil
06/14/2023 17:29:00,05:29:00 PM,134,Bader 12x25
06/14/2023 17:29:00,05:29:00 PM,134,Bader 10x20
06/14/2023 17:37:00,05:37:00 PM,135,Wayang 11x25x05
06/14/2023 17:37:00,05:37:00 PM,135,Wayang 11x25x05
06/14/2023 17:39:00,05:39:00 PM,136,Selai Coklat Biasa 250gr
06/14/2023 17:39:00,05:39:00 PM,136,Tepung Roti 250gr
06/14/2023 17:39:00,05:39:00 PM,136,Tusuk Sate Panjang
06/14/2023 17:39:00,05:39:00 PM,136,Plastik Tomat 10x30
06/14/2023 17:43:00,05:43:00 PM,137,Sterofoam Nasi
06/15/2023 06:57:00,06:57:00 AM,138,Fermipan Sachet
06/15/2023 06:57:00,06:57:00 AM,138,Segitiga Biru Kemasan 1kg
06/15/2023 06:57:00,06:57:00 AM,138,Palmia 200gr
06/15/2023 06:57:00,06:57:00 AM,138,Selai Stroberi 250gr
06/15/2023 07:35:00,07:35:00 AM,139,Sterofoam Bubur
06/15/2023 10:52:00,10:52:00 AM,140,Wayang 12x25x05
06/15/2023 11:13:00,11:13:00 AM,141,Sterofoam Seblak
06/15/2023 13:18:00,01:18:00 PM,142,Cup Bryan
06/15/2023 13:18:00,01:18:00 PM,142,Cup Bryan
06/15/2023 14:32:00,02:32:00 PM,143,Kacang Ijo
06/15/2023 14:32:00,02:32:00 PM,143,Tepung Beras Rosebrand
06/15/2023 14:32:00,02:32:00 PM,143,Tepung Tapioka
06/15/2023 14:32:00,02:32:00 PM,143,Sun Kara
06/15/2023 14:34:00,02:34:00 PM,144,Claris Oren
06/15/2023 14:34:00,02:34:00 PM,144,Selai Coklat Tulip 250gr
06/15/2023 14:35:00,02:35:00 PM,145,Plastik Tahan Panas 15x30
06/15/2023 14:35:00,02:35:00 PM,145,Bader 12x25
06/15/2023 15:47:00,03:47:00 PM,146,Wayang 10x20x05
06/15/2023 18:40:00,06:40:00 PM,147,Mika 4xc
06/16/2023 07:41:00,07:41:00 AM,148,Plastik Tomat 10x30
06/16/2023 07:42:00,07:42:00 AM,149,Collata Coklat Blok 500gr
06/16/2023 07:42:00,07:42:00 AM,149,Collata Coklat Blok 500gr
06/16/2023 07:42:00,07:42:00 AM,149,Claris Merah
06/16/2023 07:42:00,07:42:00 AM,149,Claris Merah
06/16/2023 07:42:00,07:42:00 AM,149,Claris Merah
06/16/2023 07:43:00,07:43:00 AM,150,Thinwall 500ml
06/16/2023 07:43:00,07:43:00 AM,150,Kresek Tomat 24
06/16/2023 07:44:00,07:44:00 AM,151,Buldozer 15 Putih
06/16/2023 08:50:00,08:50:00 AM,152,Selai Coklat Tulip 250gr
06/16/2023 08:50:00,08:50:00 AM,152,Tepung Roti 250gr
06/16/2023 11:03:00,11:03:00 AM,153,Sterofoam Seblak
06/16/2023 14:22:00,02:22:00 PM,154,Sterofoam Mangkok Besar
06/16/2023 14:22:00,02:22:00 PM,154,Sterofoam Seblak
06/17/2023 07:07:00,07:07:00 AM,155,Plastik Klip 12x20
06/17/2023 07:08:00,07:08:00 AM,156,Plastik Klip 5x8
06/17/2023 07:08:00,07:08:00 AM,156,Forvita 500gr
06/17/2023 07:08:00,07:08:00 AM,156,Kresek Tomat 24
06/17/2023 09:15:00,09:15:00 AM,157,Sterofoam Seblak
06/17/2023 09:29:00,09:29:00 AM,158,Tusuk Sate Panjang
06/17/2023 11:43:00,11:43:00 AM,159,Pewarna Merah Cabe
06/17/2023 12:59:00,12:59:00 PM,160,Plastik Tahan Panas 15x30
06/17/2023 13:08:00,01:08:00 PM,161,Dus Tinggi Uk 30
06/17/2023 13:10:00,01:10:00 PM,162,Wayang 8x15x05
06/17/2023 13:26:00,01:26:00 PM,163,Tusuk Sate Pendek
06/17/2023 14:45:00,02:45:00 PM,164,Wincheez
06/17/2023 14:45:00,02:45:00 PM,164,Diamond Coklat Blok
06/17/2023 14:45:00,02:45:00 PM,164,Tepung Tapioka
06/17/2023 15:36:00,03:36:00 PM,165,Plastik Klip 12x20
06/17/2023 15:36:00,03:36:00 PM,165,Kresek Tomat 15
06/17/2023 15:40:00,03:40:00 PM,166,Diamond UHT 1L
06/18/2023 08:52:00,08:52:00 AM,167,Sterofoam Seblak
06/18/2023 09:22:00,09:22:00 AM,168,Foil Oval
06/18/2023 09:22:00,09:22:00 AM,168,Diamond UHT 1L
06/18/2023 09:22:00,09:22:00 AM,168,Wincheez
06/18/2023 09:40:00,09:40:00 AM,169,Tepung Roti 250gr
06/18/2023 09:40:00,09:40:00 AM,169,Tepung Roti 250gr
06/18/2023 13:46:00,01:46:00 PM,170,Bader 15x30
06/19/2023 07:48:00,07:48:00 AM,171,Wincheez
06/19/2023 07:48:00,07:48:00 AM,171,Sterofoam Seblak
06/19/2023 07:49:00,07:49:00 AM,172,Palmia 200gr
06/19/2023 07:49:00,07:49:00 AM,172,Palmia 200gr
06/19/2023 07:49:00,07:49:00 AM,172,Mika Bolu Uk 22
06/19/2023 07:49:00,07:49:00 AM,172,Mika Bolu Uk 22
06/19/2023 07:55:00,07:55:00 AM,173,Selai Stroberi 250gr
06/19/2023 07:55:00,07:55:00 AM,173,Selai Coklat Tulip 250gr
06/19/2023 14:34:00,02:34:00 PM,174,Mika 3xc
06/19/2023 14:34:00,02:34:00 PM,174,Mika 4xc
06/19/2023 14:34:00,02:34:00 PM,174,Sendok Bebek
06/19/2023 14:34:00,02:34:00 PM,174,Sterofoam Seblak
06/19/2023 14:34:00,02:34:00 PM,174,Selai Coklat Tulip 250gr
06/19/2023 16:33:00,04:33:00 PM,175,Plastik Tahan Panas 15x30
06/19/2023 17:03:00,05:03:00 PM,176,Mika Bolu Uk 18
06/19/2023 17:03:00,05:03:00 PM,176,Mika Bolu Uk 18
06/19/2023 17:03:00,05:03:00 PM,176,Cup 14 Oz
06/19/2023 18:26:00,06:26:00 PM,177,Terigu Biasa
06/20/2023 08:47:00,08:47:00 AM,178,Thinwall 350ml
06/20/2023 08:47:00,08:47:00 AM,178,Sendok Makan Bening
06/20/2023 08:47:00,08:47:00 AM,178,Tepung Beras Rosebrand
06/20/2023 08:47:00,08:47:00 AM,178,Tepung Beras Rosebrand
06/20/2023 08:47:00,08:47:00 AM,178,Whippy Haan
06/20/2023 08:47:00,08:47:00 AM,178,Kertas Nasi Putih
06/20/2023 08:47:00,08:47:00 AM,178,Diary Champ
06/20/2023 08:47:00,08:47:00 AM,178,Wincheez
06/20/2023 12:38:00,12:38:00 PM,179,Sterofoam Mangkok Besar
06/20/2023 12:38:00,12:38:00 PM,179,Sterofoam Seblak
06/20/2023 12:39:00,12:39:00 PM,180,Tepung Roti 250gr
06/20/2023 12:43:00,12:43:00 PM,181,Mayonais McLewis 1kg
06/20/2023 12:43:00,12:43:00 PM,181,McLewis Saos Cabe 1kg
06/20/2023 12:43:00,12:43:00 PM,181,Sendok Bebek
06/20/2023 13:21:00,01:21:00 PM,182,Kertas Nasi Osaka
06/20/2023 14:57:00,02:57:00 PM,183,Plastik Ultah
06/20/2023 14:57:00,02:57:00 PM,183,Plastik Ultah
06/20/2023 17:58:00,05:58:00 PM,184,Bader 10x20
06/20/2023 17:58:00,05:58:00 PM,184,Bader 10x20
06/21/2023 06:59:00,06:59:00 AM,185,Cup 14 Oz
06/21/2023 07:00:00,07:00:00 AM,186,Tusuk Sate Panjang
06/21/2023 07:00:00,07:00:00 AM,186,Wayang 12x15x05
06/21/2023 07:06:00,07:06:00 AM,187,Dus Donat
06/21/2023 07:06:00,07:06:00 AM,187,Sterofoam Bubur
06/21/2023 07:06:00,07:06:00 AM,187,Cakra Kembar
06/21/2023 07:06:00,07:06:00 AM,187,Fermipan 50gr
06/21/2023 07:06:00,07:06:00 AM,187,Wincheez
06/21/2023 07:06:00,07:06:00 AM,187,Forvita 500gr
06/21/2023 07:06:00,07:06:00 AM,187,Claris Merah
06/21/2023 07:06:00,07:06:00 AM,187,Selai Stroberi 250gr
06/21/2023 11:41:00,11:41:00 AM,188,Wayang 12x25x05
06/21/2023 11:41:00,11:41:00 AM,188,Wayang 14x25x05
06/21/2023 12:16:00,12:16:00 PM,189,Diamond Coklat Blok
06/21/2023 12:16:00,12:16:00 PM,189,Wayang 20x35x05
06/21/2023 12:16:00,12:16:00 PM,189,Sterofoam Seblak
06/21/2023 13:18:00,01:18:00 PM,190,Mika Brownis Uk L
06/21/2023 15:05:00,03:05:00 PM,191,Sterofoam Mangkok Besar
06/21/2023 15:05:00,03:05:00 PM,191,Sterofoam Seblak
06/21/2023 15:05:00,03:05:00 PM,191,Bader 10x20
06/21/2023 15:05:00,03:05:00 PM,191,Bader 12x25
06/21/2023 15:05:00,03:05:00 PM,191,Sendok Bebek
06/21/2023 15:55:00,03:55:00 PM,192,Thinwall 450ml
06/21/2023 15:55:00,03:55:00 PM,192,Thinwall 450ml
06/21/2023 15:55:00,03:55:00 PM,192,Thinwall 450ml
06/21/2023 15:55:00,03:55:00 PM,192,Thinwall 450ml
06/21/2023 17:41:00,05:41:00 PM,193,Piring Kue
06/21/2023 17:41:00,05:41:00 PM,193,Piring Kue
06/21/2023 18:47:00,06:47:00 PM,194,Tepung Roti 250gr
06/21/2023 19:29:00,07:29:00 PM,195,Terigu Biasa
06/21/2023 19:44:00,07:44:00 PM,196,Dus 12x12
06/22/2023 10:00:00,10:00:00 AM,197,Wayang 10x15x05
06/22/2023 10:00:00,10:00:00 AM,197,Digimon 1 Gelas
06/22/2023 11:27:00,11:27:00 AM,198,Thinwall 400ml
06/22/2023 11:27:00,11:27:00 AM,198,Sagu Mutiara
06/22/2023 11:27:00,11:27:00 AM,198,Evaporasi F&N
06/22/2023 11:27:00,11:27:00 AM,198,Evaporasi F&N
06/22/2023 11:27:00,11:27:00 AM,198,Diamond UHT 1L
06/22/2023 11:27:00,11:27:00 AM,198,Diamond UHT 1L
06/22/2023 11:27:00,11:27:00 AM,198,Dairy Champ
06/22/2023 11:27:00,11:27:00 AM,198,Nutrijel Mangga
06/22/2023 11:27:00,11:27:00 AM,198,Nutrijel Mangga
06/22/2023 11:27:00,11:27:00 AM,198,Puding Susu Mangga
06/22/2023 12:03:00,12:03:00 PM,199,Cup Ager 50ml
06/22/2023 12:03:00,12:03:00 PM,199,Terigu Biasa
06/22/2023 12:03:00,12:03:00 PM,199,Terigu Biasa
06/22/2023 14:08:00,02:08:00 PM,200,Terigu Biasa
06/22/2023 18:18:00,06:18:00 PM,201,Plastik Klip 4x6
06/23/2023 07:33:00,07:33:00 AM,202,Paper Cup Bowl
06/23/2023 07:33:00,07:33:00 AM,202,Soda Kue
06/23/2023 08:12:00,08:12:00 AM,203,Karet Merah
06/23/2023 08:12:00,08:12:00 AM,203,Wayang 10x20x05
06/23/2023 08:12:00,08:12:00 AM,203,Wayang 14x25x05
06/23/2023 08:12:00,08:12:00 AM,203,Gula Pasir 250gr
06/23/2023 09:33:00,09:33:00 AM,204,Selai Coklat Biasa 250gr
06/23/2023 09:38:00,09:38:00 AM,205,Evaporasi F&N
06/23/2023 09:38:00,09:38:00 AM,205,Evaporasi F&N
06/23/2023 09:38:00,09:38:00 AM,205,Evaporasi F&N
06/23/2023 09:38:00,09:38:00 AM,205,Evaporasi F&N
06/23/2023 09:38:00,09:38:00 AM,205,Evaporasi F&N
06/23/2023 09:38:00,09:38:00 AM,205,Evaporasi F&N
06/23/2023 09:38:00,09:38:00 AM,205,Evaporasi F&N
06/23/2023 09:38:00,09:38:00 AM,205,Evaporasi F&N
06/23/2023 09:38:00,09:38:00 AM,205,Tepung Beras Rosebrand
06/23/2023 09:38:00,09:38:00 AM,205,Tepung Beras Rosebrand
06/23/2023 09:38:00,09:38:00 AM,205,Segitiga Biru Kemasan 1kg
06/23/2023 09:38:00,09:38:00 AM,205,Selasih
06/23/2023 09:38:00,09:38:00 AM,205,Puding Susu Mangga
06/23/2023 09:38:00,09:38:00 AM,205,Puding Susu Mangga
06/23/2023 09:38:00,09:38:00 AM,205,Nutrijel Kelapa
06/23/2023 09:38:00,09:38:00 AM,205,Nutrijel Kelapa
06/23/2023 09:38:00,09:38:00 AM,205,Nutrijel Kelapa
06/23/2023 09:38:00,09:38:00 AM,205,Nutrijel Kelapa
06/23/2023 09:38:00,09:38:00 AM,205,Digimon 1 Gelas
06/23/2023 09:38:00,09:38:00 AM,205,Cup 16 Oz
06/23/2023 09:44:00,09:44:00 AM,206,Tepung Tapioka
06/23/2023 09:44:00,09:44:00 AM,206,Tepung Tapioka
06/23/2023 09:48:00,09:48:00 AM,207,Collata Coklat Blok 500gr
06/23/2023 09:48:00,09:48:00 AM,207,Collata Coklat Blok 500gr
06/23/2023 09:48:00,09:48:00 AM,207,Claris Merah
06/23/2023 09:48:00,09:48:00 AM,207,Claris Merah
06/23/2023 09:48:00,09:48:00 AM,207,Claris Merah
06/23/2023 09:48:00,09:48:00 AM,207,Claris Merah
06/23/2023 09:48:00,09:48:00 AM,207,Claris Merah
06/23/2023 09:48:00,09:48:00 AM,207,Chocochips 100gr
06/23/2023 09:48:00,09:48:00 AM,207,Kertas Nasi Putih
06/23/2023 09:48:00,09:48:00 AM,207,Kertas Nasi Putih
06/23/2023 09:51:00,09:51:00 AM,208,Kresek Tomat 15
06/23/2023 09:52:00,09:52:00 AM,209,Tusuk Sate Panjang
06/23/2023 12:43:00,12:43:00 PM,210,Wincheez
06/23/2023 12:43:00,12:43:00 PM,210,Seres Safari Warna
06/23/2023 12:43:00,12:43:00 PM,210,Seres Safari Warna
06/23/2023 12:43:00,12:43:00 PM,210,Seres Kiloan/250gr
06/23/2023 13:23:00,01:23:00 PM,211,Wayang 10x15x05
06/23/2023 13:23:00,01:23:00 PM,211,Wayang 14x25x05
06/23/2023 14:27:00,02:27:00 PM,212,Plastik Tomat 11x30
06/23/2023 15:39:00,03:39:00 PM,213,Bader 10x20
06/23/2023 16:20:00,04:20:00 PM,214,Forvita 500gr
06/23/2023 16:48:00,04:48:00 PM,215,Fermipan Sachet
06/23/2023 16:48:00,04:48:00 PM,215,Mika Bolu Uk 22
06/23/2023 16:48:00,04:48:00 PM,215,Mika Bolu Uk 22
06/24/2023 13:59:00,01:59:00 PM,216,Sendok Bebek
06/24/2023 13:59:00,01:59:00 PM,216,Sumpit Kayu
06/24/2023 13:59:00,01:59:00 PM,216,Selai Coklat Biasa 250gr
06/24/2023 13:59:00,01:59:00 PM,216,Sterofoam Bubur
06/24/2023 13:59:00,01:59:00 PM,216,Sterofoam Seblak
06/24/2023 13:59:00,01:59:00 PM,216,Mika 3xc
06/24/2023 19:04:00,07:04:00 PM,217,Wayang 10x15x05
06/24/2023 21:23:00,09:23:00 PM,218,Gula Pasir 250gr
06/24/2023 21:23:00,09:23:00 PM,218,Gula Pasir 250gr
06/25/2023 12:02:00,12:02:00 PM,219,Plastik Tomat 11x30
06/25/2023 12:03:00,12:03:00 PM,220,Plastik Tomat 14x35
06/25/2023 12:03:00,12:03:00 PM,220,Bader 12x25
06/25/2023 12:03:00,12:03:00 PM,220,Cup Bryan
06/25/2023 16:53:00,04:53:00 PM,221,Plastik OOP Uk 8x12
06/25/2023 18:12:00,06:12:00 PM,222,Wayang 11x25x05
06/25/2023 20:34:00,08:34:00 PM,223,Tepung Roti 250gr
06/25/2023 20:34:00,08:34:00 PM,223,Tepung Roti 250gr
06/25/2023 20:34:00,08:34:00 PM,223,Tepung Roti 250gr
06/25/2023 20:34:00,08:34:00 PM,223,Tepung Roti 250gr
06/25/2023 20:34:00,08:34:00 PM,223,Mayonais Mamayo 1kg
06/25/2023 20:34:00,08:34:00 PM,223,McLewis Saos Cabe 1kg
06/26/2023 11:31:00,11:31:00 AM,224,Fermipan Sachet
06/26/2023 11:32:00,11:32:00 AM,225,Bader 12x25
06/26/2023 11:32:00,11:32:00 AM,225,Bader 12x25
06/26/2023 11:32:00,11:32:00 AM,225,Bader 10x20
06/26/2023 11:32:00,11:32:00 AM,225,Bader 10x20
06/26/2023 11:33:00,11:33:00 AM,226,Cup Bryan
06/26/2023 16:30:00,04:30:00 PM,227,Swallow Coklat
06/26/2023 16:30:00,04:30:00 PM,227,Swallow Coklat
06/26/2023 16:31:00,04:31:00 PM,228,Plastik Tomat 11x30
06/27/2023 07:18:00,07:18:00 AM,229,Sterofoam Nasi
06/27/2023 07:18:00,07:18:00 AM,229,Plastik Alas Bubur
06/27/2023 07:18:00,07:18:00 AM,229,Kertas Nasi Putih
06/27/2023 07:18:00,07:18:00 AM,229,Kresek Tomat 24
06/27/2023 07:53:00,07:53:00 AM,230,Sterofoam Mangkok Besar
06/27/2023 07:53:00,07:53:00 AM,230,Sterofoam Seblak
06/27/2023 07:53:00,07:53:00 AM,230,Sendok Bebek
06/27/2023 07:53:00,07:53:00 AM,230,Bader 10x20
06/27/2023 07:53:00,07:53:00 AM,230,Bader 12x25
06/27/2023 07:53:00,07:53:00 AM,230,Roman
06/27/2023 07:53:00,07:53:00 AM,230,Roman
06/27/2023 07:53:00,07:53:00 AM,230,Tepung Roti 250gr
06/27/2023 07:53:00,07:53:00 AM,230,Selai Coklat Biasa 250gr
06/27/2023 08:19:00,08:19:00 AM,231,Cup 14 Oz
06/27/2023 08:19:00,08:19:00 AM,231,Buldozer 24 Putih
06/27/2023 08:47:00,08:47:00 AM,232,Bader 12x25
06/27/2023 09:05:00,09:05:00 AM,233,Piring Plastik
06/27/2023 09:10:00,09:10:00 AM,234,Evaporasi F&N
06/27/2023 09:10:00,09:10:00 AM,234,Dairy Champ
06/27/2023 09:10:00,09:10:00 AM,234,Nutrijel Strawberry
06/27/2023 09:10:00,09:10:00 AM,234,Nutrijel Strawberry
06/27/2023 09:12:00,09:12:00 AM,235,Tepung Ketan Rosebrand
06/27/2023 09:12:00,09:12:00 AM,235,Maizenaku
06/27/2023 09:12:00,09:12:00 AM,235,Diamond Coklat Blok
06/27/2023 09:13:00,09:13:00 AM,236,Kresek Motto Uk 40 Hitam
06/27/2023 14:53:00,02:53:00 PM,237,Digimon 1 Gelas
06/27/2023 14:53:00,02:53:00 PM,237,Digimon 2 Gelas
06/27/2023 14:54:00,02:54:00 PM,238,Cup 16 Oz
06/27/2023 14:54:00,02:54:00 PM,238,Cup 16 Oz
06/27/2023 14:54:00,02:54:00 PM,238,Tutup Datar Buram
06/27/2023 14:54:00,02:54:00 PM,238,Fermipan Sachet
06/27/2023 19:07:00,07:07:00 PM,239,Plastik Tomat 14x35
06/27/2023 19:25:00,07:25:00 PM,240,Cup 14 Oz
06/27/2023 19:45:00,07:45:00 PM,241,Wayang 11x25x05
06/27/2023 19:45:00,07:45:00 PM,241,Terigu Biasa
06/27/2023 20:17:00,08:17:00 PM,242,Sendok Makan Bening
06/27/2023 20:17:00,08:17:00 PM,242,Sendok Makan Bening
06/27/2023 20:17:00,08:17:00 PM,242,Sendok Makan Bening
06/27/2023 20:17:00,08:17:00 PM,242,Sendok Makan Bening
06/28/2023 08:07:00,08:07:00 AM,243,Gula Pasir 250gr
06/28/2023 08:07:00,08:07:00 AM,243,Puding Susu Mangga
06/28/2023 08:55:00,08:55:00 AM,244,Evaporasi F&N
06/28/2023 08:55:00,08:55:00 AM,244,Sedotan Tekuk
06/28/2023 08:55:00,08:55:00 AM,244,Sedotan Tekuk
06/28/2023 08:55:00,08:55:00 AM,244,Sedotan Tekuk
06/28/2023 08:55:00,08:55:00 AM,244,Sedotan Tekuk
06/28/2023 10:16:00,10:16:00 AM,245,Tepung Roti 250gr
06/28/2023 11:00:00,11:00:00 AM,246,Tusuk Sate Panjang
06/28/2023 11:00:00,11:00:00 AM,246,Wayang 10x15x05
06/28/2023 11:27:00,11:27:00 AM,247,Alumunium Foil
06/28/2023 11:27:00,11:27:00 AM,247,Cup Bryan
06/29/2023 14:37:00,02:37:00 PM,248,Mika 7c
06/29/2023 14:37:00,02:37:00 PM,248,Mika Bolu Uk 22
06/29/2023 14:37:00,02:37:00 PM,248,Mika Bolu Uk 22
06/29/2023 14:37:00,02:37:00 PM,248,Mika Bolu Kotak Uk 22
06/29/2023 14:37:00,02:37:00 PM,248,Pasta Pandan
06/29/2023 14:37:00,02:37:00 PM,248,Vanili Pepaya
06/29/2023 14:37:00,02:37:00 PM,248,Vanili Pepaya
06/29/2023 14:37:00,02:37:00 PM,248,Bader 15x30
06/29/2023 14:38:00,02:38:00 PM,249,Bader 10x20
06/29/2023 14:38:00,02:38:00 PM,249,Bader 10x20
06/29/2023 14:38:00,02:38:00 PM,249,Bader 10x20
06/29/2023 14:38:00,02:38:00 PM,249,Bader 10x20
06/29/2023 14:38:00,02:38:00 PM,249,Bader 10x20
06/29/2023 14:38:00,02:38:00 PM,249,Bader 10x20
06/29/2023 16:34:00,04:34:00 PM,250,Wayang 14x25x05
06/29/2023 18:51:00,06:51:00 PM,251,Plastik Tomat 15x35
06/30/2023 08:03:00,08:03:00 AM,252,Kresek Tomat 15
06/30/2023 08:03:00,08:03:00 AM,252,Bader 10x20
06/30/2023 08:03:00,08:03:00 AM,252,Tusuk Sate Panjang
06/30/2023 08:03:00,08:03:00 AM,252,Tusuk Gigi
06/30/2023 08:03:00,08:03:00 AM,252,Sterofoam Nasi
06/30/2023 09:32:00,09:32:00 AM,253,Roman
06/30/2023 09:32:00,09:32:00 AM,253,Roman
06/30/2023 09:32:00,09:32:00 AM,253,Vanili Pepaya
06/30/2023 09:35:00,09:35:00 AM,254,Wayang 14x25x05
06/30/2023 09:35:00,09:35:00 AM,254,Wayang 17x30x05
07/01/2023 08:10:00,08:10:00 AM,255,Plastik Tomat 10x30
07/01/2023 08:11:00,08:11:00 AM,256,Kresek Tomat 15
07/01/2023 08:11:00,08:11:00 AM,256,Kresek Tomat 24
07/01/2023 09:28:00,09:28:00 AM,257,Diamond Coklat Blok
07/01/2023 09:28:00,09:28:00 AM,257,Diamond UHT 1L
07/01/2023 09:28:00,09:28:00 AM,257,Wincheez
07/01/2023 09:28:00,09:28:00 AM,257,Glaze Coklat
07/01/2023 17:33:00,05:33:00 PM,258,Wayang 12x25x05
07/01/2023 17:33:00,05:33:00 PM,258,Isi Hekter
07/02/2023 09:02:00,09:02:00 AM,259,Glaze Coklat
07/02/2023 09:02:00,09:02:00 AM,259,Glaze Tiramisu
07/02/2023 09:10:00,09:10:00 AM,260,Maizenaku
07/02/2023 09:25:00,09:25:00 AM,261,Garpu Kue
07/02/2023 09:26:00,09:26:00 AM,262,Trash Bag uk 90x120
07/02/2023 10:43:00,10:43:00 AM,263,Tusuk Sate Panjang
07/02/2023 12:59:00,12:59:00 PM,264,Bader 15x30
07/02/2023 12:59:00,12:59:00 PM,264,Bader 15x30
07/02/2023 12:59:00,12:59:00 PM,264,Kertas Nasi Gulung
07/02/2023 12:59:00,12:59:00 PM,264,Kertas Nasi Gulung
07/02/2023 12:59:00,12:59:00 PM,264,Kertas Nasi Gulung
07/02/2023 16:29:00,04:29:00 PM,265,Wayang 10x15x05
07/02/2023 16:29:00,04:29:00 PM,265,Digimon 1 Gelas
07/02/2023 17:20:00,05:20:00 PM,266,Mika Bolu Uk 22
07/02/2023 17:20:00,05:20:00 PM,266,Mika Bolu Uk 22
07/02/2023 17:20:00,05:20:00 PM,266,Pasta Pandan
07/02/2023 17:20:00,05:20:00 PM,266,Bader 15x30
07/02/2023 17:20:00,05:20:00 PM,266,Bader 15x30
07/02/2023 17:20:00,05:20:00 PM,266,Bader 15x30
07/03/2023 06:57:00,06:57:00 AM,267,Selai Coklat Biasa 250gr
07/03/2023 06:58:00,06:58:00 AM,268,Cup 10 Pendek
07/03/2023 07:56:00,07:56:00 AM,269,Sterofoam Bubur
07/03/2023 14:14:00,02:14:00 PM,270,Mika 7c
07/03/2023 14:14:00,02:14:00 PM,270,Seres Kiloan/250gr
07/03/2023 15:49:00,03:49:00 PM,271,Cup 14 Oz
07/03/2023 17:23:00,05:23:00 PM,272,Sterofoam Mangkok Besar
07/03/2023 17:23:00,05:23:00 PM,272,Sterofoam Seblak
07/03/2023 17:23:00,05:23:00 PM,272,Bader 10x20
07/03/2023 17:23:00,05:23:00 PM,272,Bader 12x25
07/03/2023 17:23:00,05:23:00 PM,272,Selai Coklat Biasa 250gr
07/03/2023 17:23:00,05:23:00 PM,272,Tepung Roti 250gr
07/03/2023 17:37:00,05:37:00 PM,273,Tusuk Gigi
07/03/2023 17:37:00,05:37:00 PM,273,Mika 4xc
07/03/2023 17:39:00,05:39:00 PM,274,Wayang 11x25x05
07/03/2023 17:39:00,05:39:00 PM,274,Wayang 11x25x05
07/03/2023 18:23:00,06:23:00 PM,275,Tepung Roti 250gr
07/03/2023 18:23:00,06:23:00 PM,275,Tusuk Sate Pendek
07/03/2023 18:23:00,06:23:00 PM,275,Selai Coklat Biasa 250gr
07/04/2023 07:15:00,07:15:00 AM,276,Whippy Haan
07/04/2023 07:15:00,07:15:00 AM,276,Sendok Makan Bening
07/04/2023 07:15:00,07:15:00 AM,276,Wincheez
07/04/2023 07:15:00,07:15:00 AM,276,Kresek Tomat 15
07/04/2023 07:38:00,07:38:00 AM,277,Tepung Tapioka
07/04/2023 07:38:00,07:38:00 AM,277,Segitiga Biru Kiloan 1kg
07/04/2023 07:38:00,07:38:00 AM,277,Selai Coklat Biasa 250gr
07/04/2023 07:38:00,07:38:00 AM,277,Fermipan Sachet
07/04/2023 07:41:00,07:41:00 AM,278,Kresek Tomat 15
07/04/2023 07:41:00,07:41:00 AM,278,Bader 10x20
07/04/2023 07:41:00,07:41:00 AM,278,Bader 10x20
07/04/2023 07:57:00,07:57:00 AM,279,Cup Ager 130ml
07/04/2023 07:57:00,07:57:00 AM,279,Wincheez
07/04/2023 07:57:00,07:57:00 AM,279,Sendok Puding
07/04/2023 09:16:00,09:16:00 AM,280,Dancow Sachet
07/04/2023 09:16:00,09:16:00 AM,280,Dancow Sachet
07/04/2023 10:50:00,10:50:00 AM,281,Dairy Champ
07/04/2023 10:51:00,10:51:00 AM,282,Standing Pouch Uk 10
07/04/2023 10:55:00,10:55:00 AM,282,Cup Bryan
07/04/2023 14:20:00,02:20:00 PM,283,Sterofoam Bubur
07/04/2023 16:50:00,04:50:00 PM,284,Wayang 12x25x05
07/04/2023 16:50:00,04:50:00 PM,284,Wayang 14x25x05
07/04/2023 18:06:00,06:06:00 PM,285,Bader 15x30
07/04/2023 18:06:00,06:06:00 PM,285,Bader 15x30
07/04/2023 18:28:00,06:28:00 PM,286,Wayang 14x25x05
07/04/2023 18:28:00,06:28:00 PM,286,Wayang 20x35x05
07/05/2023 09:58:00,09:58:00 AM,287,Buldozer 15 Hitam
07/05/2023 10:01:00,10:01:00 AM,288,Sagu Mutiara
07/05/2023 10:01:00,10:01:00 AM,288,Sagu Mutiara
07/05/2023 10:01:00,10:01:00 AM,288,Sagu Mutiara
07/05/2023 10:01:00,10:01:00 AM,288,Pewarna Merah Cabe
07/05/2023 11:23:00,11:23:00 AM,289,Sedotan Pop Ice
07/05/2023 17:52:00,05:52:00 PM,290,Wayang 20x35x05
07/05/2023 18:24:00,06:24:00 PM,291,Claris Merah
07/05/2023 18:24:00,06:24:00 PM,291,Karet Merah
07/06/2023 06:34:00,06:34:00 AM,292,Blueband Master 250gr
07/06/2023 06:34:00,06:34:00 AM,292,Vanhoutten
07/06/2023 07:26:00,07:26:00 AM,293,Selai Coklat Biasa 250gr
07/06/2023 07:27:00,07:27:00 AM,294,Tusuk Sate Panjang
07/06/2023 07:27:00,07:27:00 AM,294,Tusuk Sate Panjang
07/06/2023 07:27:00,07:27:00 AM,294,Tusuk Sate Panjang
07/06/2023 07:46:00,07:46:00 AM,295,Plastik Tomat 10x30
07/06/2023 07:48:00,07:48:00 AM,296,Digimon 1 Gelas
07/06/2023 07:48:00,07:48:00 AM,296,Digimon 1 Gelas
07/06/2023 07:48:00,07:48:00 AM,296,Digimon 1 Gelas
07/06/2023 07:48:00,07:48:00 AM,296,Digimon 1 Gelas
07/06/2023 07:49:00,07:49:00 AM,297,Forvita 500gr
07/06/2023 07:49:00,07:49:00 AM,297,Plastik Klip 5x8
07/06/2023 07:51:00,07:51:00 AM,298,Sterofoam Seblak
07/06/2023 07:51:00,07:51:00 AM,298,Wincheez
07/06/2023 08:35:00,08:35:00 AM,299,Tutup Cembung
07/06/2023 08:35:00,08:35:00 AM,299,Tutup Cup Ager
07/06/2023 08:35:00,08:35:00 AM,299,Digimon 1 Gelas
07/06/2023 08:35:00,08:35:00 AM,299,Cup 14 Oz
07/06/2023 19:31:00,07:31:00 PM,300,Cup 16 Oz
07/06/2023 19:31:00,07:31:00 PM,300,Sterofoam Mangkok Besar
07/06/2023 19:31:00,07:31:00 PM,300,Sterofoam Seblak
07/07/2023 08:27:00,08:27:00 AM,301,Kresek Tomat 15
07/07/2023 08:43:00,08:43:00 AM,302,Karet Merah
07/07/2023 08:44:00,08:44:00 AM,303,Tusuk Gigi
07/07/2023 08:44:00,08:44:00 AM,303,Tusuk Gigi
07/07/2023 08:44:00,08:44:00 AM,303,Terigu Biasa
07/07/2023 08:48:00,08:48:00 AM,304,Nutrijel Kelapa
07/07/2023 08:48:00,08:48:00 AM,304,Nutrijel Kelapa
07/07/2023 08:48:00,08:48:00 AM,304,Nutrijel Kelapa
07/07/2023 08:48:00,08:48:00 AM,304,Nutrijel Kelapa
07/07/2023 08:48:00,08:48:00 AM,304,Nutrijel Melon
07/07/2023 08:48:00,08:48:00 AM,304,Nutrijel Melon
07/07/2023 08:48:00,08:48:00 AM,304,Nutrijel Cingcau
07/07/2023 08:48:00,08:48:00 AM,304,Nutrijel Cingcau
07/07/2023 08:48:00,08:48:00 AM,304,Evaporasi F&N
07/07/2023 08:48:00,08:48:00 AM,304,Evaporasi F&N
07/07/2023 08:48:00,08:48:00 AM,304,Evaporasi F&N
07/07/2023 08:48:00,08:48:00 AM,304,Evaporasi F&N
07/07/2023 08:48:00,08:48:00 AM,304,Evaporasi F&N
07/07/2023 08:48:00,08:48:00 AM,304,Evaporasi F&N
07/07/2023 10:23:00,10:23:00 AM,305,Cup Bryan
07/07/2023 13:58:00,01:58:00 PM,306,Wayang 14x25x05
07/07/2023 13:58:00,01:58:00 PM,306,Sterofoam Mangkok Besar
07/07/2023 13:59:00,01:59:00 PM,307,Wayang 10x15x05
07/07/2023 13:59:00,01:59:00 PM,307,Wayang 12x15x05
07/07/2023 14:37:00,02:37:00 PM,308,Wincheez
07/07/2023 17:48:00,05:48:00 PM,309,Mika 7c
07/07/2023 17:48:00,05:48:00 PM,309,Mika 7c
07/07/2023 17:48:00,05:48:00 PM,309,Baking Powder
07/07/2023 17:48:00,05:48:00 PM,309,Bader 15x30
07/07/2023 17:48:00,05:48:00 PM,309,Bader 15x30
07/07/2023 17:48:00,05:48:00 PM,309,Pasta Pandan
07/07/2023 19:07:00,07:07:00 PM,310,Mika 3x
07/07/2023 19:42:00,07:42:00 PM,311,Forvita 500gr
07/07/2023 19:42:00,07:42:00 PM,311,Fermipan Sachet
07/08/2023 09:05:00,09:05:00 AM,312,Selai Coklat Biasa 250gr
07/08/2023 09:06:00,09:06:00 AM,313,Selai Coklat Biasa 250gr
07/08/2023 09:06:00,09:06:00 AM,313,Sterofoam Mangkok Besar
07/08/2023 09:06:00,09:06:00 AM,313,Sterofoam Seblak
07/08/2023 09:06:00,09:06:00 AM,313,Bader 10x20
07/08/2023 09:06:00,09:06:00 AM,313,Bader 12x25
07/08/2023 11:15:00,11:15:00 AM,314,Tepung Tapioka
07/08/2023 11:15:00,11:15:00 AM,314,Tepung Tapioka
07/08/2023 11:27:00,11:27:00 AM,315,Wayang 14x25x05
07/08/2023 11:27:00,11:27:00 AM,315,Wayang 17x30x05
07/08/2023 11:58:00,11:58:00 AM,316,Diamond Coklat Blok
07/08/2023 13:57:00,01:57:00 PM,317,Tepung Tapioka
07/08/2023 13:57:00,01:57:00 PM,317,Tepung Tapioka
07/08/2023 13:57:00,01:57:00 PM,317,Tepung Tapioka
07/08/2023 13:57:00,01:57:00 PM,317,Sterofoam Bubur
07/08/2023 13:57:00,01:57:00 PM,317,Sterofoam Seblak
07/08/2023 13:58:00,01:58:00 PM,318,Thinwall 500ml
07/08/2023 13:59:00,01:59:00 PM,319,Claris Merah
07/08/2023 13:59:00,01:59:00 PM,319,Segitiga Biru Kemasan 1kg
07/08/2023 15:27:00,03:27:00 PM,320,Tusuk Sate Panjang
07/08/2023 15:32:00,03:32:00 PM,321,Selasih
07/08/2023 18:23:00,06:23:00 PM,322,Mika Bolu Kotak Uk 22
07/08/2023 18:23:00,06:23:00 PM,322,Mika Bolu Kotak Uk 22
07/08/2023 18:23:00,06:23:00 PM,322,Mika Bolu Kotak Uk 22
07/08/2023 19:39:00,07:39:00 PM,323,Cup Ulir
07/09/2023 11:52:00,11:52:00 AM,324,Sterofoam Bubur
07/09/2023 11:52:00,11:52:00 AM,324,Sterofoam Seblak
07/09/2023 11:52:00,11:52:00 AM,324,Sendok Bebek
07/09/2023 11:52:00,11:52:00 AM,324,Selai Coklat Biasa 250gr
07/09/2023 11:52:00,11:52:00 AM,324,Wayang 17x30x05
07/09/2023 12:59:00,12:59:00 PM,325,Glaze Coklat
07/09/2023 12:59:00,12:59:00 PM,325,Sterofoam Bubur
07/09/2023 12:59:00,12:59:00 PM,325,Tepung Tapioka
07/09/2023 13:39:00,01:39:00 PM,326,Bader 12x25
07/09/2023 13:39:00,01:39:00 PM,327,Bader 12x25
07/09/2023 13:39:00,01:39:00 PM,328,Bader 12x25
07/09/2023 13:39:00,01:39:00 PM,329,Bader 12x25
07/09/2023 13:39:00,01:39:00 PM,330,Bader 12x25
07/09/2023 13:44:00,01:44:00 PM,331,Cup 10 Tinggi
07/09/2023 13:44:00,01:44:00 PM,331,Tutup Datar Buram
07/09/2023 13:44:00,01:44:00 PM,331,Digimon 1 Gelas
07/09/2023 13:44:00,01:44:00 PM,331,Sendok Makan Bening
07/09/2023 13:44:00,01:44:00 PM,331,Wincheez
07/09/2023 13:44:00,01:44:00 PM,331,Dairy Champ
07/09/2023 14:41:00,02:41:00 PM,332,Tepung Ketan Rosebrand
07/09/2023 14:41:00,02:41:00 PM,332,Plastik Tomat 15x30
07/09/2023 14:41:00,02:41:00 PM,332,Cup 1000ml
07/09/2023 14:47:00,02:47:00 PM,333,Mika Brownis Uk L
07/09/2023 14:47:00,02:47:00 PM,333,Mika Brownis Uk L
07/09/2023 14:47:00,02:47:00 PM,333,Mika Brownis Uk L
07/09/2023 14:47:00,02:47:00 PM,333,Mika Brownis Uk L
07/09/2023 17:31:00,05:31:00 PM,334,Plastik Tahan Panas 15x30
07/09/2023 17:31:00,05:31:00 PM,334,Plastik Tomat 11x30
07/10/2023 08:42:00,08:42:00 AM,335,Whippy Haan
07/10/2023 08:43:00,08:43:00 AM,336,Tepung Roti 250gr
07/10/2023 08:43:00,08:43:00 AM,336,Tepung Roti 250gr
07/10/2023 08:47:00,08:47:00 AM,337,Sterofoam Bubur
07/10/2023 08:47:00,08:47:00 AM,337,Sterofoam Seblak
07/10/2023 08:48:00,08:48:00 AM,338,Gula Pasir 250gr
07/10/2023 08:48:00,08:48:00 AM,338,Nutrijel Strawberry
07/10/2023 11:29:00,11:29:00 AM,339,Collata Pak 250gr
07/10/2023 11:32:00,11:32:00 AM,340,Pasta Pandan
07/10/2023 11:32:00,11:32:00 AM,340,Sterofoam Nasi
07/10/2023 14:58:00,02:58:00 PM,341,Sterofoam Bubur
07/10/2023 14:59:00,02:59:00 PM,342,Tepung Ketan Rosebrand
07/10/2023 14:59:00,02:59:00 PM,342,Tepung Roti 250gr
07/11/2023 14:04:00,02:04:00 PM,343,Tusuk Sate Panjang
07/11/2023 14:04:00,02:04:00 PM,343,Wayang 10x15x05
07/11/2023 14:05:00,02:05:00 PM,344,Kertas Nasi Gulung
07/11/2023 14:06:00,02:06:00 PM,345,Cup Bryan
07/11/2023 15:13:00,03:13:00 PM,346,Tepung Ketan Rosebrand
07/11/2023 15:13:00,03:13:00 PM,346,Tepung Ketan Rosebrand
07/11/2023 15:13:00,03:13:00 PM,346,Thinwall 350ml
07/11/2023 15:13:00,03:13:00 PM,346,Tepung Beras Rosebrand
07/11/2023 15:13:00,03:13:00 PM,346,Sendok Makan Bening
07/11/2023 15:13:00,03:13:00 PM,346,Tepung Ketan Hitam
07/11/2023 15:13:00,03:13:00 PM,346,Kresek Tomat 15
07/11/2023 15:13:00,03:13:00 PM,346,Kresek Tomat 24
07/13/2023 10:17:00,10:17:00 AM,347,Tepung Ketan Rosebrand
07/13/2023 10:17:00,10:17:00 AM,347,Tepung Ketan Rosebrand
07/13/2023 10:17:00,10:17:00 AM,347,Tepung Ketan Hitam
07/13/2023 10:17:00,10:17:00 AM,347,Cup 750ml
07/13/2023 10:17:00,10:17:00 AM,347,Kismis
07/13/2023 10:17:00,10:17:00 AM,347,Cakra Kembar
07/13/2023 10:17:00,10:17:00 AM,347,Sun Kara
07/13/2023 10:17:00,10:17:00 AM,347,Sun Kara
07/13/2023 10:17:00,10:17:00 AM,347,Sun Kara
07/13/2023 10:17:00,10:17:00 AM,347,Wincheez
07/13/2023 10:17:00,10:17:00 AM,347,Wincheez
07/13/2023 10:22:00,10:22:00 AM,348,Bader 12x25
07/13/2023 10:22:00,10:22:00 AM,348,Bader 12x25
07/13/2023 10:24:00,10:24:00 AM,349,Diamond Coklat Blok
07/13/2023 10:24:00,10:24:00 AM,349,Roman
07/13/2023 10:24:00,10:24:00 AM,349,Terigu Biasa
07/13/2023 10:25:00,10:25:00 AM,350,Bader 12x25
07/13/2023 10:25:00,10:25:00 AM,350,Plastik Tomat 12x25
07/13/2023 10:27:00,10:27:00 AM,351,Procheez Gold
07/13/2023 10:27:00,10:27:00 AM,351,Wincheez
07/13/2023 10:27:00,10:27:00 AM,351,Palmia 200gr
07/13/2023 10:28:00,10:28:00 AM,352,Kresek Tomat 24
07/17/2023 09:18:00,09:18:00 AM,353,Wincheez
07/17/2023 09:18:00,09:18:00 AM,353,Nutrijel Coklat
07/17/2023 09:18:00,09:18:00 AM,353,Nutrijel Coklat
07/17/2023 09:18:00,09:18:00 AM,353,Nutrijel Coklat
07/17/2023 09:18:00,09:18:00 AM,353,Fermipan Sachet
07/17/2023 09:18:00,09:18:00 AM,353,Dairy Champ
07/17/2023 09:19:00,09:19:00 AM,354,Sterofoam Bubur
07/17/2023 09:20:00,09:20:00 AM,355,Digimon 1 Gelas
07/17/2023 14:44:00,02:44:00 PM,356,Kertas Nasi Osaka
07/17/2023 14:47:00,02:47:00 PM,357,Claris Merah
07/17/2023 14:49:00,02:49:00 PM,358,Pastry
07/17/2023 14:55:00,02:55:00 PM,359,Cup 10 Tinggi
07/17/2023 14:55:00,02:55:00 PM,359,Seres Kiloan/250gr
07/17/2023 14:57:00,02:57:00 PM,360,Cup 14 Oz
07/17/2023 16:24:00,04:24:00 PM,361,Kertas Nasi Osaka
07/17/2023 16:27:00,04:27:00 PM,362,Wayang 12x25x05
07/18/2023 07:01:00,07:01:00 AM,363,Seres Safari Warna
07/18/2023 07:01:00,07:01:00 AM,363,Seres Safari Warna
07/18/2023 07:05:00,07:05:00 AM,364,Sterofoam Seblak
07/18/2023 07:05:00,07:05:00 AM,364,Plastik Klip 5x8
07/18/2023 07:05:00,07:05:00 AM,364,Whippy Haan
07/18/2023 07:05:00,07:05:00 AM,364,Wincheez
07/18/2023 07:06:00,07:06:00 AM,365,Kresek Tomat 24
07/18/2023 07:08:00,07:08:00 AM,366,Sterofoam Nasi
07/18/2023 07:58:00,07:58:00 AM,367,Indocafe
07/18/2023 07:58:00,07:58:00 AM,367,Plastik Tomat 12x25
07/18/2023 13:34:00,01:34:00 PM,368,Thinwall 200ml
07/18/2023 14:02:00,02:02:00 PM,369,Thinwall 350ml
07/18/2023 14:02:00,02:02:00 PM,369,Sendok Makan Bening
07/18/2023 14:02:00,02:02:00 PM,369,Tepung Beras Rosebrand
07/18/2023 14:02:00,02:02:00 PM,369,Tepung Beras Rosebrand
07/18/2023 14:02:00,02:02:00 PM,369,Plastik Tomat 4x23
07/18/2023 14:33:00,02:33:00 PM,370,Mika 4xc
07/18/2023 14:33:00,02:33:00 PM,370,Tusuk Gigi
07/18/2023 14:33:00,02:33:00 PM,370,Bader 15x30
07/18/2023 14:33:00,02:33:00 PM,370,Isi Hekter
07/18/2023 14:34:00,02:34:00 PM,371,Tepung Roti 250gr
07/18/2023 14:55:00,02:55:00 PM,372,Diamond Coklat Blok
07/18/2023 17:34:00,05:34:00 PM,373,Wayang 12x25x05
07/19/2023 09:54:00,09:54:00 AM,374,Palmia 200gr
07/19/2023 09:55:00,09:55:00 AM,375,Paper Cup Bowl
07/19/2023 09:56:00,09:56:00 AM,376,Dancow Sachet
07/19/2023 09:57:00,09:57:00 AM,377,Puding Susu Coklat
07/19/2023 09:57:00,09:57:00 AM,377,Nutrijel Coklat
07/19/2023 09:58:00,09:58:00 AM,378,Wayang 14x25x05
07/19/2023 09:58:00,09:58:00 AM,378,Wayang 14x25x05
07/19/2023 09:58:00,09:58:00 AM,378,Wayang 17x30x05
07/19/2023 10:16:00,10:16:00 AM,379,Selai Stroberi 250gr
07/19/2023 12:38:00,12:38:00 PM,380,Sterofoam Mangkok Besar
07/19/2023 14:36:00,02:36:00 PM,381,Cup 16 Oz
07/19/2023 15:19:00,03:19:00 PM,382,Evaporasi F&N
07/19/2023 15:19:00,03:19:00 PM,382,Evaporasi F&N
07/19/2023 15:19:00,03:19:00 PM,382,Evaporasi F&N
07/19/2023 15:19:00,03:19:00 PM,382,Evaporasi F&N
07/19/2023 15:19:00,03:19:00 PM,382,Evaporasi F&N
07/19/2023 15:49:00,03:49:00 PM,383,Plastik Tomat 11x30
07/20/2023 08:30:00,08:30:00 AM,384,Tepung Beras Rosebrand
07/20/2023 08:30:00,08:30:00 AM,384,Buldozer 15 Hitam
07/20/2023 08:31:00,08:31:00 AM,385,Mayonais Mamayo 1kg
07/20/2023 08:31:00,08:31:00 AM,385,McLewis Saos Cabe 1kg
07/20/2023 11:11:00,11:11:00 AM,386,Wayang 10x15x05
07/20/2023 11:12:00,11:12:00 AM,387,Kertas Nasi Osaka
07/20/2023 11:12:00,11:12:00 AM,387,Gula Pasir 250gr
07/20/2023 14:52:00,02:52:00 PM,388,Diamond Coklat Blok
07/20/2023 14:53:00,02:53:00 PM,389,Tepung Roti 250gr
07/20/2023 15:18:00,03:18:00 PM,390,Wincheez
07/20/2023 15:18:00,03:18:00 PM,390,Dairy Champ
07/20/2023 15:18:00,03:18:00 PM,390,Kresek Tomat 24
07/20/2023 15:23:00,03:23:00 PM,391,Cup Ager 50ml
07/20/2023 15:23:00,03:23:00 PM,391,Tutup Cup Ager
07/20/2023 17:34:00,05:34:00 PM,392,Selai Coklat Biasa 250gr
07/20/2023 17:34:00,05:34:00 PM,393,Terigu Biasa
07/20/2023 17:34:00,05:34:00 PM,393,Terigu Biasa
07/20/2023 17:34:00,05:34:00 PM,393,Gula Pasir 250gr
07/20/2023 18:30:00,06:30:00 PM,394,Sterofoam Mangkok Besar
07/21/2023 08:08:00,08:08:00 AM,395,Tusuk Sate Panjang
07/21/2023 08:09:00,08:09:00 AM,396,Sterofoam Mangkok Besar
07/21/2023 08:09:00,08:09:00 AM,396,Sterofoam Seblak
07/21/2023 08:09:00,08:09:00 AM,396,Selai Coklat Biasa 250gr
07/21/2023 08:09:00,08:09:00 AM,396,Tepung Roti 250gr
07/21/2023 08:09:00,08:09:00 AM,396,Sendok Bebek
07/21/2023 08:09:00,08:09:00 AM,396,Bader 10x20
07/21/2023 08:09:00,08:09:00 AM,396,Bader 12x25
07/21/2023 08:11:00,08:11:00 AM,397,Kresek Tomat 15
07/21/2023 08:11:00,08:11:00 AM,397,Bader 15x30
07/21/2023 08:22:00,08:22:00 AM,398,Collata Coklat Blok 500gr
07/21/2023 08:22:00,08:22:00 AM,398,Wincheez
07/21/2023 08:22:00,08:22:00 AM,398,Forvita 500gr
07/21/2023 08:22:00,08:22:00 AM,398,Forvita 500gr
07/21/2023 09:12:00,09:12:00 AM,399,Thinwall 500ml
07/21/2023 09:14:00,09:14:00 AM,400,Nutrijel Mangga
07/21/2023 09:14:00,09:14:00 AM,400,Nutrijel Strawberry
07/21/2023 09:14:00,09:14:00 AM,400,Gula Pasir 250gr
07/21/2023 11:31:00,11:31:00 AM,401,Sterofoam Seblak
07/21/2023 13:41:00,01:41:00 PM,402,Sterofoam Bubur
07/21/2023 13:42:00,01:42:00 PM,403,Mika 4xc
07/21/2023 13:42:00,01:42:00 PM,403,Bader 10x20
07/21/2023 14:13:00,02:13:00 PM,404,Tepung Roti 250gr
07/21/2023 14:13:00,02:13:00 PM,404,Tepung Roti 250gr
07/21/2023 14:13:00,02:13:00 PM,404,Tepung Roti 250gr
07/21/2023 14:13:00,02:13:00 PM,404,Tepung Roti 250gr
07/21/2023 14:13:00,02:13:00 PM,404,Plastik Klip 5x8
07/21/2023 15:18:00,03:18:00 PM,405,Selai Coklat Biasa 250gr
07/21/2023 15:19:00,03:19:00 PM,406,Kresek Tomat 15
07/21/2023 15:19:00,03:19:00 PM,406,Kresek Tomat 24
07/21/2023 16:37:00,04:37:00 PM,407,Mika 3x
07/22/2023 07:55:00,07:55:00 AM,408,Wayang 20x35x05
07/22/2023 07:56:00,07:56:00 AM,409,Palmia 200gr
07/22/2023 07:56:00,07:56:00 AM,409,Tepung Ketan Hitam
07/22/2023 07:57:00,07:57:00 AM,410,Plastik Klip 5x8
07/22/2023 07:58:00,07:58:00 AM,411,Seres Kiloan/250gr
07/22/2023 07:58:00,07:58:00 AM,411,Glaze Coklat
07/22/2023 07:58:00,07:58:00 AM,411,Segitiga Biru Kemasan 1kg
07/22/2023 11:17:00,11:17:00 AM,412,Sterofoam Mangkok Besar
07/22/2023 11:17:00,11:17:00 AM,412,Sterofoam Seblak
07/22/2023 11:17:00,11:17:00 AM,412,Bader 12x25
07/23/2023 08:20:00,08:20:00 AM,413,Tepung Roti 250gr
07/23/2023 08:20:00,08:20:00 AM,413,Evaporasi F&N
07/23/2023 08:20:00,08:20:00 AM,413,Soda Kue
07/23/2023 08:20:00,08:20:00 AM,413,Nutrijel Coklat
07/23/2023 08:20:00,08:20:00 AM,413,Nutrijel Coklat
07/23/2023 10:24:00,10:24:00 AM,414,Wayang 10x15x05
07/23/2023 10:25:00,10:25:00 AM,415,Wayang 10x20x05
07/23/2023 10:26:00,10:26:00 AM,416,Swallow Hijau
07/23/2023 10:26:00,10:26:00 AM,416,Swallow Hijau
07/23/2023 10:27:00,10:27:00 AM,417,Cup 16 Oz
07/23/2023 10:27:00,10:27:00 AM,417,Tutup Datar Buram
07/23/2023 10:27:00,10:27:00 AM,417,Sendok Bebek
07/23/2023 10:27:00,10:27:00 AM,417,Bader 10x20
07/23/2023 10:27:00,10:27:00 AM,417,Bader 12x25
07/23/2023 10:27:00,10:27:00 AM,417,Bader 15x30
07/23/2023 10:27:00,10:27:00 AM,417,Seres Kiloan/250gr
07/23/2023 13:15:00,01:15:00 PM,418,Selai Coklat Biasa 250gr
07/23/2023 13:16:00,01:16:00 PM,419,Cup 12 Oz
07/23/2023 13:16:00,01:16:00 PM,419,Tutup Datar Buram
07/23/2023 13:18:00,01:18:00 PM,420,Tutup Datar Buram
07/23/2023 13:18:00,01:18:00 PM,420,Tutup Datar Buram
07/23/2023 13:18:00,01:18:00 PM,420,Tutup Datar Buram
07/23/2023 13:18:00,01:18:00 PM,420,Tutup Datar Buram
07/23/2023 13:18:00,01:18:00 PM,420,Tutup Datar Buram
07/23/2023 13:18:00,01:18:00 PM,420,Tutup Datar Buram
07/23/2023 13:30:00,01:30:00 PM,421,Sterofoam Mangkok Besar
07/23/2023 13:30:00,01:30:00 PM,421,Sterofoam Seblak
07/23/2023 13:30:00,01:30:00 PM,421,Sendok Bebek
07/23/2023 13:32:00,01:32:00 PM,422,Wincheez
07/23/2023 13:32:00,01:32:00 PM,422,Dairy Champ
07/23/2023 13:32:00,01:32:00 PM,422,Forvita 500gr
07/23/2023 14:45:00,02:45:00 PM,423,Plastik Tomat 10x30
07/23/2023 18:11:00,06:11:00 PM,424,Forvita 500gr
07/23/2023 18:12:00,06:12:00 PM,425,Dairy Champ
07/24/2023 05:53:00,05:53:00 AM,426,Plastik Klip 5x8
07/24/2023 05:53:00,05:53:00 AM,426,Plastik Klip 8x12
07/24/2023 11:23:00,11:23:00 AM,427,Sterofoam Mangkok Besar
07/24/2023 11:23:00,11:23:00 AM,427,Sterofoam Seblak
07/24/2023 11:24:00,11:24:00 AM,428,Cup Bryan
07/24/2023 11:25:00,11:25:00 AM,429,Selai Stroberi 250gr
07/24/2023 16:56:00,04:56:00 PM,430,Bader 15x30
07/24/2023 16:56:00,04:56:00 PM,430,Bader 15x30
07/24/2023 16:57:00,04:57:00 PM,431,Plastik Tahan Panas 15x30
07/24/2023 17:12:00,05:12:00 PM,432,Mika Bolu Kotak Uk 22
07/24/2023 17:12:00,05:12:00 PM,432,Mika Bolu Kotak Uk 22
07/25/2023 06:56:00,06:56:00 AM,433,Kresek Tomat 15
07/25/2023 07:53:00,07:53:00 AM,434,Selai Stroberi 250gr
07/25/2023 07:53:00,07:53:00 AM,434,Selai Stroberi 250gr
07/25/2023 07:53:00,07:53:00 AM,434,Wincheez
07/25/2023 07:53:00,07:53:00 AM,434,Dairy Champ
07/25/2023 10:42:00,10:42:00 AM,435,Evaporasi F&N
07/25/2023 10:42:00,10:42:00 AM,435,Evaporasi F&N
07/25/2023 10:42:00,10:42:00 AM,435,Evaporasi F&N
07/25/2023 10:42:00,10:42:00 AM,435,Evaporasi F&N
07/25/2023 10:42:00,10:42:00 AM,435,Evaporasi F&N
07/25/2023 10:42:00,10:42:00 AM,435,Evaporasi F&N
07/25/2023 10:42:00,10:42:00 AM,435,Tepung Beras Rosebrand
07/25/2023 10:42:00,10:42:00 AM,435,Tepung Beras Rosebrand
07/25/2023 10:42:00,10:42:00 AM,435,Vanhoutten
07/25/2023 10:42:00,10:42:00 AM,435,Vanhoutten
07/25/2023 10:42:00,10:42:00 AM,435,Nutrijel Cingcau
07/25/2023 10:42:00,10:42:00 AM,435,Nutrijel Cingcau
07/25/2023 10:42:00,10:42:00 AM,435,Nutrijel Cingcau
07/25/2023 10:42:00,10:42:00 AM,435,Nutrijel Cingcau
07/25/2023 10:42:00,10:42:00 AM,435,Nutrijel Kelapa
07/25/2023 10:42:00,10:42:00 AM,435,Nutrijel Kelapa
07/25/2023 10:42:00,10:42:00 AM,435,Nutrijel Kelapa
07/25/2023 10:42:00,10:42:00 AM,435,Nutrijel Kelapa
07/25/2023 10:42:00,10:42:00 AM,435,Cup Bryan
07/25/2023 10:42:00,10:42:00 AM,435,Cup 16 Oz
07/25/2023 10:42:00,10:42:00 AM,435,Segitiga Biru Kemasan 1kg
07/25/2023 10:42:00,10:42:00 AM,435,Chocochips 100gr
07/25/2023 10:42:00,10:42:00 AM,435,Claris Merah
07/25/2023 10:42:00,10:42:00 AM,435,Claris Merah
07/25/2023 10:42:00,10:42:00 AM,435,Diamond Coklat Blok
07/25/2023 12:06:00,12:06:00 PM,436,Selai Coklat Biasa 250gr
07/25/2023 12:06:00,12:06:00 PM,436,Sterofoam Seblak
07/25/2023 13:08:00,01:08:00 PM,437,Plastik Tomat 14x35
07/25/2023 13:11:00,01:11:00 PM,438,Cup 14 Oz
07/25/2023 13:11:00,01:11:00 PM,438,Cup Bryan
07/25/2023 15:21:00,03:21:00 PM,439,Thinwall 350ml
07/25/2023 15:21:00,03:21:00 PM,439,Sendok Makan Bening
07/25/2023 15:21:00,03:21:00 PM,439,Tepung Beras Rosebrand
07/25/2023 15:21:00,03:21:00 PM,439,Tepung Beras Rosebrand
07/25/2023 16:43:00,04:43:00 PM,440,Cup 14 Oz
07/25/2023 20:00:00,08:00:00 PM,441,Wayang 11x25x05
07/25/2023 20:00:00,08:00:00 PM,441,Kertas Nasi Gulung
07/25/2023 20:00:00,08:00:00 PM,441,Kertas Nasi Gulung
07/26/2023 06:33:00,06:33:00 AM,442,Segitiga Biru Kemasan 1kg
07/26/2023 06:33:00,06:33:00 AM,442,Fermipan Sachet
07/26/2023 06:33:00,06:33:00 AM,442,Selai Coklat Biasa 250gr
07/26/2023 06:38:00,06:38:00 AM,443,Evaporasi F&N
07/26/2023 06:38:00,06:38:00 AM,443,Sagu Mutiara
07/26/2023 06:38:00,06:38:00 AM,443,Sagu Mutiara
07/26/2023 06:38:00,06:38:00 AM,443,Nutrijel Plain
07/26/2023 06:38:00,06:38:00 AM,443,Wincheez
07/26/2023 06:38:00,06:38:00 AM,443,Dairy Champ
07/26/2023 06:48:00,06:48:00 AM,444,Wayang 10x15x05
07/26/2023 06:48:00,06:48:00 AM,444,Wayang 12x15x05
07/26/2023 06:48:00,06:48:00 AM,444,Digimon 1 Gelas
07/26/2023 06:50:00,06:50:00 AM,445,Procheez Gold
07/26/2023 07:51:00,07:51:00 AM,446,Tusuk Cilok
07/26/2023 13:18:00,01:18:00 PM,447,Selai Stroberi 250gr
07/26/2023 13:18:00,01:18:00 PM,447,Fermipan Sachet
07/26/2023 13:33:00,01:33:00 PM,448,Dancow Sachet
07/26/2023 13:33:00,01:33:00 PM,448,Dancow Sachet
07/26/2023 13:57:00,01:57:00 PM,449,Sp
07/26/2023 13:57:00,01:57:00 PM,449,Sp
07/26/2023 13:57:00,01:57:00 PM,449,Sp
07/26/2023 13:57:00,01:57:00 PM,449,Sp
07/26/2023 14:36:00,02:36:00 PM,450,Digimon 1 Gelas
07/26/2023 14:36:00,02:36:00 PM,450,Kertas Nasi Putih
07/26/2023 17:03:00,05:03:00 PM,451,Soda Kue
07/27/2023 07:16:00,07:16:00 AM,452,Sarung Tangan Plastik
07/27/2023 07:17:00,07:17:00 AM,453,Sterofoam Nasi
07/27/2023 07:57:00,07:57:00 AM,454,Collata Coklat Blok 500gr
07/27/2023 07:57:00,07:57:00 AM,454,Whippy Haan
07/27/2023 07:57:00,07:57:00 AM,454,Pisau Brownies
07/27/2023 07:59:00,07:59:00 AM,455,Mayonais Mamayo 1kg
07/27/2023 07:59:00,07:59:00 AM,455,McLewis Saos Cabe 1kg
07/27/2023 10:17:00,10:17:00 AM,456,Sterofoam Bubur
07/27/2023 10:17:00,10:17:00 AM,456,Plastik Alas Bubur
07/27/2023 10:17:00,10:17:00 AM,456,Diamond UHT 1L
07/27/2023 10:17:00,10:17:00 AM,456,Thinwall 500ml
07/27/2023 11:51:00,11:51:00 AM,457,Pewarna Merah Cabe
07/27/2023 11:52:00,11:52:00 AM,458,Wayang 14x25x05
07/27/2023 14:21:00,02:21:00 PM,459,Plastik Tomat 10x30
07/27/2023 14:21:00,02:21:00 PM,459,Digimon 1 Gelas
07/27/2023 15:13:00,03:13:00 PM,460,Digimon 1 Gelas
07/28/2023 06:12:00,06:12:00 AM,461,Buldozer 15 Hitam
07/28/2023 06:12:00,06:12:00 AM,461,Kresek Motto Uk 40 Hitam
07/28/2023 07:49:00,07:49:00 AM,462,Gula Pasir 250gr
07/28/2023 07:49:00,07:49:00 AM,463,Palmia 200gr
07/28/2023 07:49:00,07:49:00 AM,463,Procheez Gold
07/28/2023 07:51:00,07:51:00 AM,464,Wayang 14x25x05
07/28/2023 07:51:00,07:51:00 AM,464,Wayang 17x30x05
07/28/2023 07:56:00,07:56:00 AM,465,Nutrijel
07/28/2023 07:56:00,07:56:00 AM,465,Vanili KP Serbuk
07/28/2023 08:24:00,08:24:00 AM,466,Selai Coklat Biasa 250gr
07/28/2023 08:25:00,08:25:00 AM,467,Wayang 11x25x05
07/28/2023 08:25:00,08:25:00 AM,467,Bader 10x20
07/28/2023 08:25:00,08:25:00 AM,467,Bader 10x20
07/28/2023 14:23:00,02:23:00 PM,468,Diamond UHT 1L
07/28/2023 14:24:00,02:24:00 PM,469,Digimon 1 Gelas
07/28/2023 14:38:00,02:38:00 PM,470,Thinwall 350ml
07/28/2023 14:38:00,02:38:00 PM,470,Thinwall 350ml
07/28/2023 14:38:00,02:38:00 PM,470,Nutrijel Kelapa
07/28/2023 14:38:00,02:38:00 PM,470,Nutrijel Kelapa
07/28/2023 14:38:00,02:38:00 PM,470,Nutrijel Kelapa
07/28/2023 14:38:00,02:38:00 PM,470,Nutrijel Kelapa
07/28/2023 14:38:00,02:38:00 PM,470,Nutrijel Melon
07/28/2023 14:38:00,02:38:00 PM,470,Nutrijel Melon
07/28/2023 14:38:00,02:38:00 PM,470,Nutrijel Melon
07/28/2023 14:38:00,02:38:00 PM,470,Nutrijel Melon
07/28/2023 14:38:00,02:38:00 PM,470,Selasih
07/28/2023 14:38:00,02:38:00 PM,470,Selasih
07/28/2023 14:38:00,02:38:00 PM,470,Sagu Mutiara
07/28/2023 14:38:00,02:38:00 PM,470,Sagu Mutiara
07/28/2023 14:38:00,02:38:00 PM,470,Sagu Mutiara
07/28/2023 14:38:00,02:38:00 PM,470,Evaporasi F&N
07/28/2023 14:38:00,02:38:00 PM,470,Evaporasi F&N
07/28/2023 14:38:00,02:38:00 PM,470,Evaporasi F&N
07/28/2023 14:38:00,02:38:00 PM,470,Evaporasi F&N
07/28/2023 14:38:00,02:38:00 PM,470,Diamond UHT 1L
07/28/2023 14:38:00,02:38:00 PM,470,Diamond UHT 1L
07/28/2023 14:38:00,02:38:00 PM,470,Diamond UHT 1L
07/28/2023 14:38:00,02:38:00 PM,470,Diamond UHT 1L
07/28/2023 14:38:00,02:38:00 PM,470,Dairy Champ
07/28/2023 14:38:00,02:38:00 PM,470,Dairy Champ
07/28/2023 16:25:00,04:25:00 PM,471,Tepung Beras Rosebrand
07/28/2023 16:56:00,04:56:00 PM,472,Mika Bolu Kotak Uk 22
07/28/2023 16:56:00,04:56:00 PM,472,Mika Bolu Kotak Uk 22
07/28/2023 16:56:00,04:56:00 PM,472,Mika Bolu Kotak Uk 22
07/28/2023 16:56:00,04:56:00 PM,472,Mika Bolu Kotak Uk 22
07/28/2023 17:58:00,05:58:00 PM,473,Plastik Tomat 14x35
07/28/2023 18:11:00,06:11:00 PM,474,Selai Coklat Biasa 250gr
07/29/2023 07:05:00,07:05:00 AM,475,Cup 10 Pendek
07/29/2023 07:06:00,07:06:00 AM,476,Terigu Biasa
07/29/2023 07:07:00,07:07:00 AM,477,Paper Cup Bowl
07/29/2023 07:07:00,07:07:00 AM,477,Tepung Roti 250gr
07/29/2023 07:07:00,07:07:00 AM,477,Tepung Roti 250gr
07/29/2023 07:07:00,07:07:00 AM,477,Tepung Roti 250gr
07/29/2023 07:07:00,07:07:00 AM,477,Tepung Roti 250gr
07/29/2023 07:24:00,07:24:00 AM,478,Sterofoam Bubur
07/29/2023 07:27:00,07:27:00 AM,479,Kresek Tomat 15
07/29/2023 10:25:00,10:25:00 AM,480,Cup Ager 130ml
07/29/2023 12:12:00,12:12:00 PM,481,Diamond Coklat Blok
07/29/2023 12:12:00,12:12:00 PM,481,Seres Kiloan/250gr
07/29/2023 13:53:00,01:53:00 PM,482,Cup Bryan
07/29/2023 15:17:00,03:17:00 PM,483,Plastik Ultah
07/29/2023 17:04:00,05:04:00 PM,484,Wayang 17x30x05
07/29/2023 17:05:00,05:05:00 PM,485,Wayang 20x35x05
07/30/2023 06:44:00,06:44:00 AM,486,Swallow Plain
07/30/2023 06:44:00,06:44:00 AM,486,Swallow Coklat
07/30/2023 10:27:00,10:27:00 AM,487,Diamond Coklat Blok
07/30/2023 10:28:00,10:28:00 AM,488,Sp
07/30/2023 10:28:00,10:28:00 AM,488,Vanili Pepaya
07/30/2023 10:28:00,10:28:00 AM,488,Vanili Pepaya
07/30/2023 10:29:00,10:29:00 AM,489,Nutrijel Kelapa
07/30/2023 10:29:00,10:29:00 AM,489,Nutrijel Kelapa
07/30/2023 10:30:00,10:30:00 AM,490,Tusuk Sate Panjang
07/30/2023 14:12:00,02:12:00 PM,491,Good Day Cappucino
07/30/2023 14:12:00,02:12:00 PM,491,Nutrisari
07/30/2023 14:13:00,02:13:00 PM,492,Bader 15x30
07/30/2023 17:55:00,05:55:00 PM,493,Cup 12 Oz
07/30/2023 17:56:00,05:56:00 PM,494,Wayang 17x30x05
07/31/2023 07:15:00,07:15:00 AM,495,Evaporasi F&N
07/31/2023 07:50:00,07:50:00 AM,496,Kresek Motto Uk 40 Hitam
07/31/2023 10:57:00,10:57:00 AM,497,Kertas Nasi Osaka
07/31/2023 10:58:00,10:58:00 AM,498,Cup 16 Oz
07/31/2023 11:54:00,11:54:00 AM,499,Sterofoam Seblak
07/31/2023 11:54:00,11:54:00 AM,499,Selai Coklat Biasa 250gr
07/31/2023 13:05:00,01:05:00 PM,500,Diamond Coklat Blok
07/31/2023 13:07:00,01:07:00 PM,501,Cup 14 Oz
07/31/2023 13:07:00,01:07:00 PM,501,Cup 10 Tinggi
07/31/2023 14:02:00,02:02:00 PM,502,Mika Brownis Uk M
07/31/2023 14:02:00,02:02:00 PM,502,Mika Brownis Uk M
07/31/2023 14:02:00,02:02:00 PM,502,Mika Brownis Uk M
07/31/2023 14:02:00,02:02:00 PM,502,Mika Brownis Uk M
07/31/2023 14:02:00,02:02:00 PM,502,Mika Brownis Uk M
07/31/2023 14:02:00,02:02:00 PM,502,Mika Brownis Uk M
07/31/2023 14:02:00,02:02:00 PM,502,Claris Merah
07/31/2023 14:02:00,02:02:00 PM,502,Claris Merah
07/31/2023 14:02:00,02:02:00 PM,502,Claris Merah
07/31/2023 14:02:00,02:02:00 PM,502,Dancow Sachet
07/31/2023 14:02:00,02:02:00 PM,502,Dancow Sachet
07/31/2023 15:03:00,03:03:00 PM,503,Sun Kara
07/31/2023 15:03:00,03:03:00 PM,503,Sun Kara
